State,Date,MostLikelyRt,LowRt,HighRt
Andhra Pradesh,2020-03-18,0.0,0.59,12.0
Andhra Pradesh,2020-03-19,1.0,0.0,6.3500000000000005
Andhra Pradesh,2020-03-20,1.0,0.0,5.08
Andhra Pradesh,2020-03-21,1.0,0.0,4.44
Andhra Pradesh,2020-03-22,1.0,0.0,4.03
Andhra Pradesh,2020-03-23,1.0,0.0,3.74
Andhra Pradesh,2020-03-24,1.0,0.0,3.5300000000000002
Andhra Pradesh,2020-03-25,1.53,0.0,3.66
Andhra Pradesh,2020-03-26,1.47,0.0,3.49
Andhra Pradesh,2020-03-27,1.8,0.01,3.61
Andhra Pradesh,2020-03-28,1.96,0.1,3.65
Andhra Pradesh,2020-03-29,2.99,1.27,4.5600000000000005
Andhra Pradesh,2020-03-30,3.11,1.82,4.3500000000000005
Andhra Pradesh,2020-03-31,2.85,1.83,3.83
Andhra Pradesh,2020-04-01,2.49,1.6500000000000001,3.31
Andhra Pradesh,2020-04-02,2.25,1.54,2.96
Andhra Pradesh,2020-04-03,2.0,1.36,2.61
Andhra Pradesh,2020-04-04,1.78,1.22,2.36
Andhra Pradesh,2020-04-05,1.53,1.01,2.08
Andhra Pradesh,2020-04-06,1.32,0.8,1.82
Andhra Pradesh,2020-04-07,1.12,0.62,1.6300000000000001
Andhra Pradesh,2020-04-08,0.9500000000000001,0.43,1.44
Andhra Pradesh,2020-04-09,0.78,0.25,1.28
Andhra Pradesh,2020-04-10,0.67,0.15,1.2
Andhra Pradesh,2020-04-11,0.66,0.13,1.21
Andhra Pradesh,2020-04-12,0.72,0.16,1.29
Andhra Pradesh,2020-04-13,0.79,0.22,1.4000000000000001
Andhra Pradesh,2020-04-14,0.9500000000000001,0.36,1.57
Andhra Pradesh,2020-04-15,1.07,0.47000000000000003,1.67
Andhra Pradesh,2020-04-16,1.2,0.62,1.79
Andhra Pradesh,2020-04-17,1.32,0.77,1.9000000000000001
Andhra Pradesh,2020-04-18,1.35,0.8200000000000001,1.9000000000000001
Andhra Pradesh,2020-04-19,1.36,0.85,1.8800000000000001
Andhra Pradesh,2020-04-20,1.41,0.92,1.9000000000000001
Andhra Pradesh,2020-04-21,1.3800000000000001,0.91,1.84
Andhra Pradesh,2020-04-22,1.3900000000000001,0.9500000000000001,1.84
Andhra Pradesh,2020-04-23,1.3900000000000001,0.97,1.82
Andhra Pradesh,2020-04-24,1.34,0.9400000000000001,1.75
Andhra Pradesh,2020-04-25,1.33,0.9400000000000001,1.72
Andhra Pradesh,2020-04-26,1.28,0.9,1.6500000000000001
Andhra Pradesh,2020-04-27,1.21,0.84,1.57
Andhra Pradesh,2020-04-28,1.17,0.8200000000000001,1.54
Andhra Pradesh,2020-04-29,1.11,0.77,1.48
Andhra Pradesh,2020-04-30,1.05,0.6900000000000001,1.3900000000000001
Andhra Pradesh,2020-05-01,1.0,0.64,1.34
Andhra Pradesh,2020-05-02,0.9400000000000001,0.6,1.31
Andhra Pradesh,2020-05-03,0.91,0.56,1.28
Andhra Pradesh,2020-05-04,0.89,0.54,1.27
Andhra Pradesh,2020-05-05,0.89,0.53,1.27
Andhra Pradesh,2020-05-06,0.88,0.51,1.26
Andhra Pradesh,2020-05-07,0.88,0.51,1.27
Andhra Pradesh,2020-05-08,0.87,0.48,1.25
Andhra Pradesh,2020-05-09,0.84,0.46,1.25
Andhra Pradesh,2020-05-10,0.85,0.45,1.25
Andhra Pradesh,2020-05-11,0.87,0.48,1.3
Andhra Pradesh,2020-05-12,0.9400000000000001,0.53,1.35
Andhra Pradesh,2020-05-13,1.04,0.64,1.46
Andhra Pradesh,2020-05-14,1.11,0.71,1.52
Andhra Pradesh,2020-05-15,1.1300000000000001,0.74,1.53
Andhra Pradesh,2020-05-16,1.12,0.73,1.51
Andhra Pradesh,2020-05-17,1.07,0.67,1.44
Andhra Pradesh,2020-05-18,1.03,0.64,1.41
Andhra Pradesh,2020-05-19,0.97,0.6,1.3800000000000001
Andhra Pradesh,2020-05-20,0.92,0.53,1.31
Andhra Pradesh,2020-05-21,0.91,0.52,1.31
Andhra Pradesh,2020-05-22,0.9500000000000001,0.56,1.36
Andhra Pradesh,2020-05-23,1.06,0.67,1.46
Andhra Pradesh,2020-05-24,1.21,0.84,1.61
Andhra Pradesh,2020-05-25,1.35,0.99,1.73
Andhra Pradesh,2020-05-26,1.4000000000000001,1.05,1.75
Andhra Pradesh,2020-05-27,1.42,1.1,1.77
Andhra Pradesh,2020-05-28,1.3900000000000001,1.06,1.69
Andhra Pradesh,2020-05-29,1.34,1.04,1.6500000000000001
Andhra Pradesh,2020-05-30,1.28,1.0,1.59
Andhra Pradesh,2020-05-31,1.19,0.91,1.48
Assam,2020-04-27,0.0,0.59,12.0
Assam,2020-04-28,1.0,0.0,6.3500000000000005
Assam,2020-04-29,1.0,0.0,5.08
Assam,2020-04-30,1.0,0.0,4.44
Assam,2020-05-01,1.0,0.0,4.03
Assam,2020-05-02,1.0,0.0,3.74
Assam,2020-05-03,1.0,0.0,3.5300000000000002
Assam,2020-05-04,1.0,0.0,3.35
Assam,2020-05-05,1.53,0.0,3.66
Assam,2020-05-06,1.8900000000000001,0.01,3.7800000000000002
Assam,2020-05-07,2.05,0.12,3.81
Assam,2020-05-08,1.83,0.11,3.44
Assam,2020-05-09,1.47,0.01,2.92
Assam,2020-05-10,1.42,0.0,2.79
Assam,2020-05-11,1.56,0.08,2.9
Assam,2020-05-12,1.49,0.1,2.7800000000000002
Assam,2020-05-13,1.3,0.05,2.52
Assam,2020-05-14,1.28,0.06,2.47
Assam,2020-05-15,1.3800000000000001,0.15,2.59
Assam,2020-05-16,1.77,0.5,2.94
Assam,2020-05-17,1.97,0.84,3.04
Assam,2020-05-18,2.0300000000000002,1.05,2.99
Assam,2020-05-19,2.06,1.2,2.9
Assam,2020-05-20,2.16,1.43,2.9
Assam,2020-05-21,2.06,1.43,2.72
Assam,2020-05-22,2.11,1.55,2.67
Assam,2020-05-23,2.09,1.61,2.59
Assam,2020-05-24,2.0100000000000002,1.58,2.44
Assam,2020-05-25,1.8900000000000001,1.51,2.2800000000000002
Assam,2020-05-26,1.78,1.43,2.13
Assam,2020-05-27,1.6500000000000001,1.34,1.99
Assam,2020-05-28,1.57,1.27,1.87
Assam,2020-05-29,1.44,1.16,1.73
Assam,2020-05-30,1.34,1.07,1.62
Assam,2020-05-31,1.25,0.99,1.52
Bihar,2020-03-21,0.0,0.59,12.0
Bihar,2020-03-22,1.0,0.0,6.3500000000000005
Bihar,2020-03-23,1.0,0.0,5.08
Bihar,2020-03-24,1.0,0.0,4.44
Bihar,2020-03-25,1.0,0.0,4.03
Bihar,2020-03-26,1.73,0.0,4.14
Bihar,2020-03-27,1.53,0.0,3.66
Bihar,2020-03-28,1.42,0.0,3.34
Bihar,2020-03-29,1.73,0.01,3.47
Bihar,2020-03-30,1.62,0.0,3.23
Bihar,2020-03-31,1.53,0.0,3.0500000000000003
Bihar,2020-04-01,1.47,0.01,2.92
Bihar,2020-04-02,1.22,0.0,2.64
Bihar,2020-04-03,1.0,0.0,2.45
Bihar,2020-04-04,1.0,0.0,2.45
Bihar,2020-04-05,0.78,0.0,2.31
Bihar,2020-04-06,1.0,0.0,2.49
Bihar,2020-04-07,1.22,0.0,2.64
Bihar,2020-04-08,1.59,0.11,2.99
Bihar,2020-04-09,1.51,0.12,2.85
Bihar,2020-04-10,1.59,0.19,2.86
Bihar,2020-04-11,1.27,0.05,2.43
Bihar,2020-04-12,1.1300000000000001,0.0,2.23
Bihar,2020-04-13,1.0,0.0,2.12
Bihar,2020-04-14,0.87,0.0,2.0300000000000002
Bihar,2020-04-15,0.73,0.0,1.95
Bihar,2020-04-16,0.86,0.0,2.07
Bihar,2020-04-17,1.0,0.0,2.2
Bihar,2020-04-18,1.53,0.22,2.7800000000000002
Bihar,2020-04-19,1.79,0.5,2.97
Bihar,2020-04-20,1.83,0.68,2.94
Bihar,2020-04-21,2.09,1.09,3.08
Bihar,2020-04-22,2.05,1.17,2.91
Bihar,2020-04-23,1.99,1.22,2.7600000000000002
Bihar,2020-04-24,1.92,1.23,2.6
Bihar,2020-04-25,1.77,1.16,2.41
Bihar,2020-04-26,1.6500000000000001,1.07,2.22
Bihar,2020-04-27,1.5,0.96,2.04
Bihar,2020-04-28,1.32,0.8200000000000001,1.86
Bihar,2020-04-29,1.17,0.67,1.69
Bihar,2020-04-30,1.07,0.5700000000000001,1.58
Bihar,2020-05-01,0.92,0.42,1.44
Bihar,2020-05-02,0.81,0.31,1.35
Bihar,2020-05-03,0.6900000000000001,0.17,1.22
Bihar,2020-05-04,0.6,0.08,1.1300000000000001
Bihar,2020-05-05,0.51,0.02,1.04
Bihar,2020-05-06,0.53,0.01,1.07
Bihar,2020-05-07,0.67,0.08,1.29
Bihar,2020-05-08,1.06,0.4,1.72
Bihar,2020-05-09,1.56,0.9400000000000001,2.18
Bihar,2020-05-10,1.8800000000000001,1.33,2.44
Bihar,2020-05-11,1.96,1.47,2.45
Bihar,2020-05-12,1.84,1.41,2.3000000000000003
Bihar,2020-05-13,1.73,1.33,2.14
Bihar,2020-05-14,1.59,1.21,1.96
Bihar,2020-05-15,1.5,1.1500000000000001,1.86
Bihar,2020-05-16,1.3800000000000001,1.04,1.71
Bihar,2020-05-17,1.3,0.98,1.6300000000000001
Bihar,2020-05-18,1.36,1.05,1.67
Bihar,2020-05-19,1.43,1.1500000000000001,1.74
Bihar,2020-05-20,1.5,1.22,1.77
Bihar,2020-05-21,1.53,1.27,1.79
Bihar,2020-05-22,1.48,1.25,1.74
Bihar,2020-05-23,1.42,1.18,1.6400000000000001
Bihar,2020-05-24,1.31,1.1,1.55
Bihar,2020-05-25,1.1500000000000001,0.9400000000000001,1.3800000000000001
Bihar,2020-05-26,1.05,0.84,1.28
Bihar,2020-05-27,0.9500000000000001,0.74,1.18
Bihar,2020-05-28,0.9,0.68,1.12
Bihar,2020-05-29,0.89,0.67,1.12
Bihar,2020-05-30,0.92,0.6900000000000001,1.1400000000000001
Bihar,2020-05-31,1.02,0.79,1.24
Chandigarh,2020-04-23,0.0,0.59,12.0
Chandigarh,2020-04-24,3.77,0.0,7.44
Chandigarh,2020-04-25,3.77,0.52,6.4
Chandigarh,2020-04-26,3.16,0.79,5.21
Chandigarh,2020-04-27,2.72,0.9,4.39
Chandigarh,2020-04-28,2.29,0.78,3.68
Chandigarh,2020-04-29,2.05,0.76,3.27
Chandigarh,2020-04-30,1.73,0.58,2.83
Chandigarh,2020-05-01,1.47,0.38,2.47
Chandigarh,2020-05-02,1.29,0.27,2.25
Chandigarh,2020-05-03,1.07,0.13,1.99
Chandigarh,2020-05-04,1.0,0.08,1.8900000000000001
Chandigarh,2020-05-05,1.0,0.08,1.8900000000000001
Chandigarh,2020-05-06,1.0,0.08,1.8900000000000001
Chandigarh,2020-05-07,1.2,0.23,2.13
Chandigarh,2020-05-08,1.25,0.31,2.19
Chandigarh,2020-05-09,1.18,0.26,2.08
Chandigarh,2020-05-10,1.17,0.27,2.06
Chandigarh,2020-05-11,1.0,0.14,1.85
Chandigarh,2020-05-12,0.8300000000000001,0.03,1.6300000000000001
Chandigarh,2020-05-13,0.5700000000000001,0.0,1.42
Chandigarh,2020-05-14,0.3,0.0,1.29
Chandigarh,2020-05-15,0.05,0.0,1.25
Chandigarh,2020-05-16,0.0,0.0,1.31
Chandigarh,2020-05-17,0.0,0.0,1.45
Chandigarh,2020-05-18,0.02,0.0,1.75
Chandigarh,2020-05-19,0.53,0.0,2.2
Chandigarh,2020-05-20,1.47,0.01,2.92
Chandigarh,2020-05-21,2.15,0.51,3.62
Chandigarh,2020-05-22,2.27,0.86,3.59
Chandigarh,2020-05-23,2.15,0.92,3.29
Chandigarh,2020-05-24,1.8900000000000001,0.81,2.93
Chandigarh,2020-05-25,1.61,0.62,2.58
Chandigarh,2020-05-26,1.36,0.4,2.25
Chandigarh,2020-05-27,1.17,0.28,2.06
Chandigarh,2020-05-28,0.8300000000000001,0.05,1.6500000000000001
Chandigarh,2020-05-29,0.64,0.0,1.46
Chandigarh,2020-05-30,0.39,0.0,1.33
Chandigarh,2020-05-31,0.2,0.0,1.29
Chhattisgarh,2020-05-13,0.0,0.59,12.0
Chhattisgarh,2020-05-14,3.77,0.0,7.44
Chhattisgarh,2020-05-15,4.39,1.1500000000000001,7.0
Chhattisgarh,2020-05-16,3.24,1.03,5.2
Chhattisgarh,2020-05-17,2.71,0.99,4.26
Chhattisgarh,2020-05-18,2.27,0.86,3.59
Chhattisgarh,2020-05-19,2.21,1.01,3.33
Chhattisgarh,2020-05-20,2.23,1.23,3.2
Chhattisgarh,2020-05-21,2.18,1.33,3.0300000000000002
Chhattisgarh,2020-05-22,2.02,1.28,2.7800000000000002
Chhattisgarh,2020-05-23,1.99,1.32,2.64
Chhattisgarh,2020-05-24,1.79,1.2,2.4
Chhattisgarh,2020-05-25,1.6400000000000001,1.1,2.21
Chhattisgarh,2020-05-26,1.45,0.93,1.98
Chhattisgarh,2020-05-27,1.26,0.74,1.75
Chhattisgarh,2020-05-28,1.11,0.62,1.62
Chhattisgarh,2020-05-29,1.0,0.51,1.51
Chhattisgarh,2020-05-30,0.89,0.38,1.3900000000000001
Chhattisgarh,2020-05-31,0.93,0.43,1.45
Delhi,2020-03-16,0.0,0.59,12.0
Delhi,2020-03-17,3.77,0.0,7.44
Delhi,2020-03-18,3.04,0.05,5.59
Delhi,2020-03-19,2.15,0.0,4.21
Delhi,2020-03-20,2.15,0.14,3.99
Delhi,2020-03-21,1.83,0.11,3.44
Delhi,2020-03-22,1.44,0.01,2.86
Delhi,2020-03-23,1.3800000000000001,0.01,2.7
Delhi,2020-03-24,1.0,0.0,2.35
Delhi,2020-03-25,1.0,0.0,2.35
Delhi,2020-03-26,1.35,0.03,2.64
Delhi,2020-03-27,1.62,0.23,2.95
Delhi,2020-03-28,2.0100000000000002,0.68,3.2800000000000002
Delhi,2020-03-29,2.31,1.18,3.41
Delhi,2020-03-30,2.73,1.83,3.63
Delhi,2020-03-31,2.74,2.0,3.44
Delhi,2020-04-01,2.54,1.95,3.14
Delhi,2020-04-02,2.2800000000000002,1.78,2.8000000000000003
Delhi,2020-04-03,1.96,1.51,2.41
Delhi,2020-04-04,1.68,1.28,2.11
Delhi,2020-04-05,1.48,1.09,1.87
Delhi,2020-04-06,1.25,0.88,1.6400000000000001
Delhi,2020-04-07,1.18,0.8200000000000001,1.56
Delhi,2020-04-08,1.2,0.84,1.56
Delhi,2020-04-09,1.24,0.89,1.59
Delhi,2020-04-10,1.45,1.11,1.77
Delhi,2020-04-11,1.53,1.23,1.85
Delhi,2020-04-12,1.52,1.23,1.81
Delhi,2020-04-13,1.45,1.18,1.73
Delhi,2020-04-14,1.25,0.99,1.52
Delhi,2020-04-15,1.08,0.8200000000000001,1.35
Delhi,2020-04-16,0.97,0.71,1.24
Delhi,2020-04-17,0.79,0.51,1.05
Delhi,2020-04-18,0.75,0.47000000000000003,1.03
Delhi,2020-04-19,0.75,0.46,1.04
Delhi,2020-04-20,0.77,0.48,1.08
Delhi,2020-04-21,0.91,0.61,1.21
Delhi,2020-04-22,1.01,0.71,1.31
Delhi,2020-04-23,1.16,0.88,1.47
Delhi,2020-04-24,1.31,1.03,1.6
Delhi,2020-04-25,1.35,1.07,1.61
Delhi,2020-04-26,1.36,1.11,1.6300000000000001
Delhi,2020-04-27,1.33,1.09,1.59
Delhi,2020-04-28,1.28,1.04,1.52
Delhi,2020-04-29,1.29,1.06,1.53
Delhi,2020-04-30,1.27,1.05,1.5
Delhi,2020-05-01,1.32,1.1,1.53
Delhi,2020-05-02,1.33,1.1400000000000001,1.56
Delhi,2020-05-03,1.37,1.18,1.58
Delhi,2020-05-04,1.4000000000000001,1.22,1.6
Delhi,2020-05-05,1.3900000000000001,1.22,1.58
Delhi,2020-05-06,1.34,1.17,1.52
Delhi,2020-05-07,1.27,1.1,1.43
Delhi,2020-05-08,1.17,1.01,1.34
Delhi,2020-05-09,1.1,0.93,1.25
Delhi,2020-05-10,1.02,0.86,1.18
Delhi,2020-05-11,1.0,0.84,1.16
Delhi,2020-05-12,1.02,0.87,1.19
Delhi,2020-05-13,1.07,0.92,1.24
Delhi,2020-05-14,1.1,0.9400000000000001,1.25
Delhi,2020-05-15,1.11,0.96,1.27
Delhi,2020-05-16,1.11,0.97,1.28
Delhi,2020-05-17,1.1300000000000001,0.98,1.28
Delhi,2020-05-18,1.12,0.98,1.28
Delhi,2020-05-19,1.1400000000000001,0.99,1.28
Delhi,2020-05-20,1.1500000000000001,1.02,1.31
Delhi,2020-05-21,1.17,1.04,1.32
Delhi,2020-05-22,1.2,1.06,1.33
Delhi,2020-05-23,1.18,1.05,1.32
Delhi,2020-05-24,1.17,1.04,1.3
Delhi,2020-05-25,1.18,1.06,1.32
Delhi,2020-05-26,1.21,1.08,1.33
Delhi,2020-05-27,1.26,1.1400000000000001,1.3800000000000001
Delhi,2020-05-28,1.33,1.21,1.44
Delhi,2020-05-29,1.36,1.25,1.47
Delhi,2020-05-30,1.4000000000000001,1.3,1.51
Delhi,2020-05-31,1.4000000000000001,1.3,1.5
Goa,2020-05-11,0.0,0.59,12.0
Goa,2020-05-12,1.0,0.0,6.3500000000000005
Goa,2020-05-13,2.62,0.0,5.8
Goa,2020-05-14,2.62,0.01,4.95
Goa,2020-05-15,2.43,0.14,4.39
Goa,2020-05-16,2.5,0.5,4.25
Goa,2020-05-17,2.21,0.53,3.71
Goa,2020-05-18,1.8900000000000001,0.46,3.24
Goa,2020-05-19,1.62,0.33,2.86
Goa,2020-05-20,1.33,0.13,2.43
Goa,2020-05-21,1.1,0.04,2.15
Goa,2020-05-22,1.0,0.0,2.0100000000000002
Goa,2020-05-23,0.68,0.0,1.78
Goa,2020-05-24,0.53,0.0,1.72
Goa,2020-05-25,0.47000000000000003,0.0,1.76
Goa,2020-05-26,0.38,0.0,1.8
Goa,2020-05-27,0.27,0.0,1.84
Goa,2020-05-28,0.35000000000000003,0.0,2.02
Goa,2020-05-29,0.22,0.0,2.09
Goa,2020-05-30,0.38,0.0,2.34
Goa,2020-05-31,0.27,0.0,2.43
Gujarat,2020-03-17,0.0,0.59,12.0
Gujarat,2020-03-18,3.77,0.0,7.44
Gujarat,2020-03-19,3.04,0.05,5.59
Gujarat,2020-03-20,2.62,0.18,4.7
Gujarat,2020-03-21,2.35,0.33,4.17
Gujarat,2020-03-22,2.15,0.42,3.75
Gujarat,2020-03-23,1.85,0.33,3.24
Gujarat,2020-03-24,1.68,0.29,2.92
Gujarat,2020-03-25,1.47,0.22,2.65
Gujarat,2020-03-26,1.32,0.15,2.43
Gujarat,2020-03-27,1.2,0.09,2.25
Gujarat,2020-03-28,1.1,0.04,2.1
Gujarat,2020-03-29,1.09,0.06,2.11
Gujarat,2020-03-30,1.09,0.08,2.12
Gujarat,2020-03-31,1.09,0.06,2.08
Gujarat,2020-04-01,1.09,0.07,2.08
Gujarat,2020-04-02,1.17,0.14,2.19
Gujarat,2020-04-03,1.32,0.27,2.35
Gujarat,2020-04-04,1.51,0.47000000000000003,2.49
Gujarat,2020-04-05,1.57,0.6,2.5
Gujarat,2020-04-06,1.8,0.93,2.66
Gujarat,2020-04-07,2.09,1.33,2.84
Gujarat,2020-04-08,2.2800000000000002,1.6400000000000001,2.93
Gujarat,2020-04-09,2.21,1.67,2.7800000000000002
Gujarat,2020-04-10,2.04,1.55,2.52
Gujarat,2020-04-11,1.83,1.41,2.29
Gujarat,2020-04-12,1.69,1.28,2.08
Gujarat,2020-04-13,1.59,1.22,1.97
Gujarat,2020-04-14,1.53,1.18,1.8800000000000001
Gujarat,2020-04-15,1.55,1.22,1.87
Gujarat,2020-04-16,1.6600000000000001,1.36,1.96
Gujarat,2020-04-17,1.71,1.43,1.98
Gujarat,2020-04-18,1.71,1.47,1.98
Gujarat,2020-04-19,1.6500000000000001,1.43,1.9000000000000001
Gujarat,2020-04-20,1.54,1.33,1.77
Gujarat,2020-04-21,1.42,1.21,1.62
Gujarat,2020-04-22,1.28,1.09,1.49
Gujarat,2020-04-23,1.1400000000000001,0.9400000000000001,1.33
Gujarat,2020-04-24,1.06,0.87,1.26
Gujarat,2020-04-25,0.99,0.79,1.18
Gujarat,2020-04-26,0.97,0.77,1.16
Gujarat,2020-04-27,1.0,0.8,1.19
Gujarat,2020-04-28,1.06,0.87,1.26
Gujarat,2020-04-29,1.1300000000000001,0.93,1.31
Gujarat,2020-04-30,1.19,1.0,1.37
Gujarat,2020-05-01,1.21,1.04,1.41
Gujarat,2020-05-02,1.25,1.07,1.42
Gujarat,2020-05-03,1.25,1.07,1.41
Gujarat,2020-05-04,1.24,1.07,1.4000000000000001
Gujarat,2020-05-05,1.21,1.06,1.3900000000000001
Gujarat,2020-05-06,1.18,1.03,1.35
Gujarat,2020-05-07,1.1400000000000001,0.98,1.29
Gujarat,2020-05-08,1.1,0.9500000000000001,1.26
Gujarat,2020-05-09,1.05,0.91,1.22
Gujarat,2020-05-10,1.02,0.87,1.18
Gujarat,2020-05-11,0.98,0.84,1.1500000000000001
Gujarat,2020-05-12,0.96,0.81,1.12
Gujarat,2020-05-13,1.01,0.86,1.17
Gujarat,2020-05-14,1.07,0.93,1.24
Gujarat,2020-05-15,1.1400000000000001,0.99,1.29
Gujarat,2020-05-16,1.18,1.03,1.32
Gujarat,2020-05-17,1.16,1.03,1.32
Gujarat,2020-05-18,1.1300000000000001,0.99,1.27
Gujarat,2020-05-19,1.09,0.9500000000000001,1.23
Gujarat,2020-05-20,0.98,0.84,1.12
Gujarat,2020-05-21,0.92,0.78,1.06
Gujarat,2020-05-22,0.87,0.73,1.02
Gujarat,2020-05-23,0.8300000000000001,0.68,0.97
Gujarat,2020-05-24,0.84,0.6900000000000001,0.99
Gujarat,2020-05-25,0.88,0.72,1.02
Gujarat,2020-05-26,0.93,0.78,1.09
Gujarat,2020-05-27,0.99,0.84,1.1500000000000001
Gujarat,2020-05-28,1.0,0.85,1.16
Gujarat,2020-05-29,1.0,0.86,1.17
Gujarat,2020-05-30,1.02,0.87,1.18
Gujarat,2020-05-31,1.03,0.89,1.2
Haryana,2020-03-17,0.0,0.59,12.0
Haryana,2020-03-18,1.0,0.0,6.3500000000000005
Haryana,2020-03-19,1.0,0.0,5.08
Haryana,2020-03-20,2.15,0.0,4.99
Haryana,2020-03-21,1.73,0.0,4.14
Haryana,2020-03-22,1.53,0.0,3.66
Haryana,2020-03-23,1.42,0.0,3.34
Haryana,2020-03-24,1.35,0.0,3.12
Haryana,2020-03-25,1.32,0.0,3.0300000000000002
Haryana,2020-03-26,1.3,0.0,2.94
Haryana,2020-03-27,0.7000000000000001,0.0,2.5100000000000002
Haryana,2020-03-28,0.68,0.0,2.56
Haryana,2020-03-29,1.0,0.0,2.82
Haryana,2020-03-30,1.0,0.0,2.82
Haryana,2020-03-31,1.32,0.0,3.0300000000000002
Haryana,2020-04-01,2.07,0.27,3.73
Haryana,2020-04-02,2.21,0.53,3.71
Haryana,2020-04-03,2.44,1.03,3.77
Haryana,2020-04-04,2.33,1.11,3.43
Haryana,2020-04-05,2.19,1.17,3.17
Haryana,2020-04-06,1.97,1.06,2.83
Haryana,2020-04-07,1.74,0.93,2.5500000000000003
Haryana,2020-04-08,1.4000000000000001,0.64,2.18
Haryana,2020-04-09,1.22,0.48,1.97
Haryana,2020-04-10,0.96,0.24,1.7
Haryana,2020-04-11,0.74,0.07,1.44
Haryana,2020-04-12,0.5,0.0,1.21
Haryana,2020-04-13,0.38,0.0,1.17
Haryana,2020-04-14,0.27,0.0,1.17
Haryana,2020-04-15,0.4,0.0,1.33
Haryana,2020-04-16,0.55,0.0,1.5
Haryana,2020-04-17,0.92,0.02,1.85
Haryana,2020-04-18,1.16,0.16,2.17
Haryana,2020-04-19,1.23,0.22,2.23
Haryana,2020-04-20,1.1500000000000001,0.17,2.11
Haryana,2020-04-21,1.07,0.11,1.99
Haryana,2020-04-22,1.0,0.08,1.9100000000000001
Haryana,2020-04-23,0.93,0.05,1.83
Haryana,2020-04-24,0.93,0.01,1.79
Haryana,2020-04-25,0.93,0.03,1.82
Haryana,2020-04-26,0.85,0.01,1.75
Haryana,2020-04-27,1.0,0.04,1.9100000000000001
Haryana,2020-04-28,1.22,0.19,2.18
Haryana,2020-04-29,1.35,0.36,2.34
Haryana,2020-04-30,1.67,0.74,2.61
Haryana,2020-05-01,1.99,1.1500000000000001,2.8000000000000003
Haryana,2020-05-02,2.07,1.33,2.77
Haryana,2020-05-03,2.08,1.45,2.71
Haryana,2020-05-04,1.8900000000000001,1.33,2.46
Haryana,2020-05-05,1.6600000000000001,1.1500000000000001,2.19
Haryana,2020-05-06,1.47,0.99,1.97
Haryana,2020-05-07,1.25,0.79,1.74
Haryana,2020-05-08,1.03,0.5700000000000001,1.52
Haryana,2020-05-09,0.91,0.45,1.41
Haryana,2020-05-10,0.77,0.29,1.27
Haryana,2020-05-11,0.71,0.2,1.2
Haryana,2020-05-12,0.74,0.23,1.27
Haryana,2020-05-13,0.8,0.27,1.34
Haryana,2020-05-14,0.89,0.34,1.43
Haryana,2020-05-15,0.96,0.42,1.52
Haryana,2020-05-16,0.9400000000000001,0.4,1.51
Haryana,2020-05-17,0.98,0.43,1.54
Haryana,2020-05-18,0.98,0.42,1.53
Haryana,2020-05-19,1.0,0.44,1.55
Haryana,2020-05-20,1.08,0.52,1.62
Haryana,2020-05-21,1.19,0.66,1.74
Haryana,2020-05-22,1.27,0.75,1.79
Haryana,2020-05-23,1.35,0.86,1.86
Haryana,2020-05-24,1.4000000000000001,0.93,1.8800000000000001
Haryana,2020-05-25,1.48,1.02,1.9100000000000001
Haryana,2020-05-26,1.6300000000000001,1.23,2.06
Haryana,2020-05-27,1.74,1.36,2.11
Haryana,2020-05-28,1.79,1.45,2.13
Haryana,2020-05-29,1.78,1.48,2.1
Haryana,2020-05-30,1.7,1.43,2.0
Haryana,2020-05-31,1.62,1.37,1.9000000000000001
Himachal Pradesh,2020-05-04,0.0,0.59,12.0
Himachal Pradesh,2020-05-05,1.0,0.0,6.3500000000000005
Himachal Pradesh,2020-05-06,2.62,0.0,5.8
Himachal Pradesh,2020-05-07,1.8900000000000001,0.0,4.49
Himachal Pradesh,2020-05-08,2.15,0.0,4.21
Himachal Pradesh,2020-05-09,1.8,0.01,3.61
Himachal Pradesh,2020-05-10,1.8900000000000001,0.09,3.52
Himachal Pradesh,2020-05-11,1.69,0.09,3.16
Himachal Pradesh,2020-05-12,1.59,0.11,2.99
Himachal Pradesh,2020-05-13,1.35,0.03,2.64
Himachal Pradesh,2020-05-14,1.32,0.02,2.5500000000000003
Himachal Pradesh,2020-05-15,1.1500000000000001,0.0,2.35
Himachal Pradesh,2020-05-16,1.1500000000000001,0.01,2.34
Himachal Pradesh,2020-05-17,1.1400000000000001,0.0,2.3000000000000003
Himachal Pradesh,2020-05-18,1.6400000000000001,0.32,2.88
Himachal Pradesh,2020-05-19,1.94,0.72,3.11
Himachal Pradesh,2020-05-20,2.06,1.0,3.11
Himachal Pradesh,2020-05-21,2.0100000000000002,1.07,2.93
Himachal Pradesh,2020-05-22,1.85,1.01,2.68
Himachal Pradesh,2020-05-23,1.7,0.93,2.46
Himachal Pradesh,2020-05-24,1.56,0.86,2.29
Himachal Pradesh,2020-05-25,1.35,0.67,2.04
Himachal Pradesh,2020-05-26,1.21,0.54,1.87
Himachal Pradesh,2020-05-27,1.06,0.41000000000000003,1.73
Himachal Pradesh,2020-05-28,0.91,0.26,1.57
Himachal Pradesh,2020-05-29,0.85,0.18,1.49
Himachal Pradesh,2020-05-30,0.85,0.18,1.51
Himachal Pradesh,2020-05-31,0.84,0.17,1.52
Jammu and Kashmir,2020-03-22,0.0,0.59,12.0
Jammu and Kashmir,2020-03-23,1.0,0.0,6.3500000000000005
Jammu and Kashmir,2020-03-24,2.62,0.0,5.8
Jammu and Kashmir,2020-03-25,3.24,0.38,5.68
Jammu and Kashmir,2020-03-26,2.62,0.41000000000000003,4.6000000000000005
Jammu and Kashmir,2020-03-27,2.52,0.65,4.17
Jammu and Kashmir,2020-03-28,2.2,0.66,3.64
Jammu and Kashmir,2020-03-29,1.8900000000000001,0.54,3.15
Jammu and Kashmir,2020-03-30,1.73,0.52,2.91
Jammu and Kashmir,2020-03-31,1.53,0.39,2.6
Jammu and Kashmir,2020-04-01,1.32,0.27,2.35
Jammu and Kashmir,2020-04-02,1.3,0.26,2.27
Jammu and Kashmir,2020-04-03,1.1400000000000001,0.18,2.1
Jammu and Kashmir,2020-04-04,1.1400000000000001,0.17,2.06
Jammu and Kashmir,2020-04-05,1.26,0.3,2.2
Jammu and Kashmir,2020-04-06,1.42,0.48,2.33
Jammu and Kashmir,2020-04-07,1.53,0.65,2.4
Jammu and Kashmir,2020-04-08,1.6,0.76,2.38
Jammu and Kashmir,2020-04-09,1.52,0.75,2.27
Jammu and Kashmir,2020-04-10,1.49,0.77,2.2
Jammu and Kashmir,2020-04-11,1.3800000000000001,0.7000000000000001,2.07
Jammu and Kashmir,2020-04-12,1.23,0.58,1.9100000000000001
Jammu and Kashmir,2020-04-13,1.11,0.44,1.74
Jammu and Kashmir,2020-04-14,0.97,0.33,1.6300000000000001
Jammu and Kashmir,2020-04-15,0.86,0.22,1.52
Jammu and Kashmir,2020-04-16,0.79,0.15,1.45
Jammu and Kashmir,2020-04-17,0.72,0.09,1.3800000000000001
Jammu and Kashmir,2020-04-18,0.73,0.08,1.4000000000000001
Jammu and Kashmir,2020-04-19,0.79,0.1,1.48
Jammu and Kashmir,2020-04-20,0.89,0.17,1.62
Jammu and Kashmir,2020-04-21,1.04,0.29,1.78
Jammu and Kashmir,2020-04-22,1.18,0.44,1.92
Jammu and Kashmir,2020-04-23,1.34,0.64,2.07
Jammu and Kashmir,2020-04-24,1.41,0.74,2.1
Jammu and Kashmir,2020-04-25,1.3900000000000001,0.75,2.04
Jammu and Kashmir,2020-04-26,1.31,0.6900000000000001,1.93
Jammu and Kashmir,2020-04-27,1.22,0.62,1.83
Jammu and Kashmir,2020-04-28,1.1400000000000001,0.55,1.74
Jammu and Kashmir,2020-04-29,1.07,0.49,1.67
Jammu and Kashmir,2020-04-30,1.0,0.4,1.57
Jammu and Kashmir,2020-05-01,1.0,0.4,1.57
Jammu and Kashmir,2020-05-02,0.98,0.4,1.58
Jammu and Kashmir,2020-05-03,1.02,0.45,1.6300000000000001
Jammu and Kashmir,2020-05-04,1.02,0.43,1.6
Jammu and Kashmir,2020-05-05,1.02,0.44,1.61
Jammu and Kashmir,2020-05-06,1.0,0.42,1.59
Jammu and Kashmir,2020-05-07,0.96,0.36,1.53
Jammu and Kashmir,2020-05-08,0.89,0.29,1.47
Jammu and Kashmir,2020-05-09,0.93,0.34,1.54
Jammu and Kashmir,2020-05-10,0.98,0.37,1.57
Jammu and Kashmir,2020-05-11,1.07,0.48,1.68
Jammu and Kashmir,2020-05-12,1.11,0.53,1.71
Jammu and Kashmir,2020-05-13,1.26,0.68,1.82
Jammu and Kashmir,2020-05-14,1.3800000000000001,0.84,1.93
Jammu and Kashmir,2020-05-15,1.57,1.07,2.09
Jammu and Kashmir,2020-05-16,1.57,1.11,2.06
Jammu and Kashmir,2020-05-17,1.56,1.12,2.0
Jammu and Kashmir,2020-05-18,1.48,1.07,1.9000000000000001
Jammu and Kashmir,2020-05-19,1.3800000000000001,0.99,1.78
Jammu and Kashmir,2020-05-20,1.24,0.87,1.6400000000000001
Jammu and Kashmir,2020-05-21,1.17,0.79,1.54
Jammu and Kashmir,2020-05-22,1.03,0.66,1.41
Jammu and Kashmir,2020-05-23,0.99,0.62,1.37
Jammu and Kashmir,2020-05-24,1.0,0.63,1.3800000000000001
Jammu and Kashmir,2020-05-25,1.09,0.72,1.46
Jammu and Kashmir,2020-05-26,1.26,0.9,1.62
Jammu and Kashmir,2020-05-27,1.41,1.07,1.75
Jammu and Kashmir,2020-05-28,1.47,1.16,1.81
Jammu and Kashmir,2020-05-29,1.48,1.19,1.8
Jammu and Kashmir,2020-05-30,1.43,1.1500000000000001,1.73
Jammu and Kashmir,2020-05-31,1.34,1.06,1.61
Jharkhand,2020-04-06,0.0,0.59,12.0
Jharkhand,2020-04-07,3.77,0.0,7.44
Jharkhand,2020-04-08,2.15,0.0,4.99
Jharkhand,2020-04-09,2.35,0.02,4.55
Jharkhand,2020-04-10,1.8900000000000001,0.01,3.7800000000000002
Jharkhand,2020-04-11,1.67,0.01,3.35
Jharkhand,2020-04-12,1.53,0.0,3.0500000000000003
Jharkhand,2020-04-13,1.44,0.01,2.86
Jharkhand,2020-04-14,1.21,0.01,2.61
Jharkhand,2020-04-15,1.0,0.0,2.42
Jharkhand,2020-04-16,0.79,0.0,2.2800000000000002
Jharkhand,2020-04-17,1.0,0.0,2.45
Jharkhand,2020-04-18,1.0,0.0,2.45
Jharkhand,2020-04-19,1.0,0.0,2.45
Jharkhand,2020-04-20,1.0,0.0,2.45
Jharkhand,2020-04-21,1.0,0.0,2.45
Jharkhand,2020-04-22,1.4000000000000001,0.01,2.75
Jharkhand,2020-04-23,1.53,0.09,2.86
Jharkhand,2020-04-24,1.76,0.32,3.08
Jharkhand,2020-04-25,1.86,0.51,3.08
Jharkhand,2020-04-26,1.71,0.51,2.87
Jharkhand,2020-04-27,1.6,0.48,2.67
Jharkhand,2020-04-28,1.3800000000000001,0.35000000000000003,2.41
Jharkhand,2020-04-29,1.1400000000000001,0.18,2.11
Jharkhand,2020-04-30,0.93,0.05,1.83
Jharkhand,2020-05-01,0.55,0.0,1.5
Jharkhand,2020-05-02,0.3,0.0,1.4000000000000001
Jharkhand,2020-05-03,0.15,0.0,1.42
Jharkhand,2020-05-04,0.08,0.0,1.51
Jharkhand,2020-05-05,0.53,0.0,1.9100000000000001
Jharkhand,2020-05-06,1.0,0.0,2.29
Jharkhand,2020-05-07,1.47,0.11,2.75
Jharkhand,2020-05-08,1.68,0.29,2.92
Jharkhand,2020-05-09,1.58,0.31,2.77
Jharkhand,2020-05-10,1.41,0.24,2.54
Jharkhand,2020-05-11,1.37,0.25,2.46
Jharkhand,2020-05-12,1.26,0.17,2.27
Jharkhand,2020-05-13,1.32,0.27,2.35
Jharkhand,2020-05-14,1.3,0.26,2.27
Jharkhand,2020-05-15,1.21,0.23,2.17
Jharkhand,2020-05-16,1.2,0.23,2.13
Jharkhand,2020-05-17,1.37,0.42,2.3000000000000003
Jharkhand,2020-05-18,1.3900000000000001,0.47000000000000003,2.27
Jharkhand,2020-05-19,1.5,0.65,2.36
Jharkhand,2020-05-20,1.49,0.6900000000000001,2.3000000000000003
Jharkhand,2020-05-21,1.47,0.72,2.24
Jharkhand,2020-05-22,1.49,0.78,2.21
Jharkhand,2020-05-23,1.43,0.76,2.11
Jharkhand,2020-05-24,1.37,0.72,2.0100000000000002
Jharkhand,2020-05-25,1.28,0.67,1.92
Jharkhand,2020-05-26,1.22,0.61,1.82
Jharkhand,2020-05-27,1.19,0.58,1.76
Jharkhand,2020-05-28,1.2,0.63,1.79
Jharkhand,2020-05-29,1.25,0.6900000000000001,1.81
Jharkhand,2020-05-30,1.31,0.78,1.86
Jharkhand,2020-05-31,1.31,0.8,1.84
Karnataka,2020-03-14,0.0,0.59,12.0
Karnataka,2020-03-15,1.0,0.0,6.3500000000000005
Karnataka,2020-03-16,2.62,0.0,5.8
Karnataka,2020-03-17,1.8900000000000001,0.0,4.49
Karnataka,2020-03-18,1.62,0.0,3.87
Karnataka,2020-03-19,1.8900000000000001,0.01,3.7800000000000002
Karnataka,2020-03-20,1.67,0.01,3.35
Karnataka,2020-03-21,1.78,0.08,3.31
Karnataka,2020-03-22,1.85,0.23,3.34
Karnataka,2020-03-23,1.7,0.21,3.0700000000000003
Karnataka,2020-03-24,1.73,0.34,3.06
Karnataka,2020-03-25,1.73,0.42,2.96
Karnataka,2020-03-26,1.52,0.33,2.68
Karnataka,2020-03-27,1.46,0.33,2.56
Karnataka,2020-03-28,1.41,0.34,2.47
Karnataka,2020-03-29,1.23,0.22,2.23
Karnataka,2020-03-30,1.22,0.23,2.2
Karnataka,2020-03-31,1.1400000000000001,0.16,2.06
Karnataka,2020-04-01,1.1300000000000001,0.18,2.06
Karnataka,2020-04-02,1.1300000000000001,0.2,2.06
Karnataka,2020-04-03,1.1300000000000001,0.21,2.05
Karnataka,2020-04-04,1.06,0.14,1.93
Karnataka,2020-04-05,1.12,0.22,2.0300000000000002
Karnataka,2020-04-06,1.12,0.23,2.02
Karnataka,2020-04-07,1.11,0.23,2.0
Karnataka,2020-04-08,1.06,0.18,1.9100000000000001
Karnataka,2020-04-09,1.05,0.17,1.8900000000000001
Karnataka,2020-04-10,1.11,0.24,1.97
Karnataka,2020-04-11,1.1,0.24,1.95
Karnataka,2020-04-12,1.2,0.32,2.02
Karnataka,2020-04-13,1.24,0.4,2.07
Karnataka,2020-04-14,1.3900000000000001,0.5700000000000001,2.17
Karnataka,2020-04-15,1.51,0.75,2.2600000000000002
Karnataka,2020-04-16,1.52,0.8200000000000001,2.24
Karnataka,2020-04-17,1.46,0.8,2.14
Karnataka,2020-04-18,1.33,0.6900000000000001,1.97
Karnataka,2020-04-19,1.16,0.54,1.8
Karnataka,2020-04-20,1.0,0.38,1.6300000000000001
Karnataka,2020-04-21,0.84,0.22,1.47
Karnataka,2020-04-22,0.78,0.16,1.42
Karnataka,2020-04-23,0.74,0.12,1.3900000000000001
Karnataka,2020-04-24,0.72,0.08,1.36
Karnataka,2020-04-25,0.77,0.12,1.46
Karnataka,2020-04-26,0.8300000000000001,0.14,1.53
Karnataka,2020-04-27,0.93,0.21,1.6500000000000001
Karnataka,2020-04-28,1.0,0.27,1.73
Karnataka,2020-04-29,1.0,0.27,1.73
Karnataka,2020-04-30,1.04,0.3,1.76
Karnataka,2020-05-01,1.07,0.35000000000000003,1.81
Karnataka,2020-05-02,1.1400000000000001,0.41000000000000003,1.85
Karnataka,2020-05-03,1.23,0.54,1.95
Karnataka,2020-05-04,1.22,0.54,1.9100000000000001
Karnataka,2020-05-05,1.26,0.61,1.94
Karnataka,2020-05-06,1.27,0.63,1.9100000000000001
Karnataka,2020-05-07,1.31,0.68,1.9100000000000001
Karnataka,2020-05-08,1.31,0.72,1.9100000000000001
Karnataka,2020-05-09,1.37,0.79,1.92
Karnataka,2020-05-10,1.36,0.8300000000000001,1.92
Karnataka,2020-05-11,1.36,0.85,1.8900000000000001
Karnataka,2020-05-12,1.3,0.81,1.81
Karnataka,2020-05-13,1.25,0.77,1.74
Karnataka,2020-05-14,1.21,0.73,1.67
Karnataka,2020-05-15,1.24,0.79,1.71
Karnataka,2020-05-16,1.3,0.86,1.74
Karnataka,2020-05-17,1.3900000000000001,0.98,1.82
Karnataka,2020-05-18,1.51,1.12,1.9100000000000001
Karnataka,2020-05-19,1.57,1.21,1.95
Karnataka,2020-05-20,1.6300000000000001,1.29,1.97
Karnataka,2020-05-21,1.62,1.31,1.94
Karnataka,2020-05-22,1.54,1.25,1.84
Karnataka,2020-05-23,1.42,1.1500000000000001,1.71
Karnataka,2020-05-24,1.31,1.05,1.59
Karnataka,2020-05-25,1.18,0.92,1.45
Karnataka,2020-05-26,1.12,0.87,1.3900000000000001
Karnataka,2020-05-27,1.06,0.8,1.31
Karnataka,2020-05-28,1.1,0.85,1.36
Karnataka,2020-05-29,1.1500000000000001,0.91,1.41
Karnataka,2020-05-30,1.22,0.99,1.48
Karnataka,2020-05-31,1.29,1.06,1.53
Kerala,2020-03-14,0.0,0.59,12.0
Kerala,2020-03-15,1.0,0.0,4.44
Kerala,2020-03-16,0.27,0.0,3.19
Kerala,2020-03-17,0.47000000000000003,0.0,2.94
Kerala,2020-03-18,1.0,0.0,2.99
Kerala,2020-03-19,1.57,0.01,3.15
Kerala,2020-03-20,2.15,0.51,3.62
Kerala,2020-03-21,2.2600000000000002,0.9400000000000001,3.5300000000000002
Kerala,2020-03-22,2.12,0.97,3.22
Kerala,2020-03-23,2.07,1.07,3.04
Kerala,2020-03-24,1.8900000000000001,1.0,2.7600000000000002
Kerala,2020-03-25,1.69,0.88,2.5
Kerala,2020-03-26,1.55,0.8,2.31
Kerala,2020-03-27,1.3800000000000001,0.67,2.11
Kerala,2020-03-28,1.23,0.54,1.94
Kerala,2020-03-29,1.18,0.49,1.85
Kerala,2020-03-30,1.09,0.4,1.74
Kerala,2020-03-31,1.03,0.37,1.71
Kerala,2020-04-01,1.0,0.33,1.6600000000000001
Kerala,2020-04-02,0.91,0.25,1.58
Kerala,2020-04-03,0.8200000000000001,0.15,1.47
Kerala,2020-04-04,0.74,0.09,1.4000000000000001
Kerala,2020-04-05,0.65,0.02,1.29
Kerala,2020-04-06,0.62,0.0,1.27
Kerala,2020-04-07,0.62,0.01,1.32
Kerala,2020-04-08,0.63,0.0,1.35
Kerala,2020-04-09,0.65,0.0,1.4000000000000001
Kerala,2020-04-10,0.67,0.0,1.45
Kerala,2020-04-11,0.7000000000000001,0.0,1.51
Kerala,2020-04-12,0.68,0.0,1.52
Kerala,2020-04-13,0.65,0.0,1.54
Kerala,2020-04-14,0.54,0.0,1.5
Kerala,2020-04-15,0.48,0.0,1.52
Kerala,2020-04-16,0.51,0.0,1.61
Kerala,2020-04-17,0.56,0.0,1.71
Kerala,2020-04-18,0.76,0.0,1.9100000000000001
Kerala,2020-04-19,1.0,0.0,2.12
Kerala,2020-04-20,1.36,0.15,2.5300000000000002
Kerala,2020-04-21,1.53,0.33,2.71
Kerala,2020-04-22,1.56,0.41000000000000003,2.67
Kerala,2020-04-23,1.49,0.4,2.5300000000000002
Kerala,2020-04-24,1.37,0.33,2.35
Kerala,2020-04-25,1.21,0.24,2.17
Kerala,2020-04-26,1.2,0.24,2.13
Kerala,2020-04-27,1.0,0.11,1.8900000000000001
Kerala,2020-04-28,0.9400000000000001,0.07,1.81
Kerala,2020-04-29,0.73,0.01,1.6
Kerala,2020-04-30,0.56,0.0,1.49
Kerala,2020-05-01,0.42,0.0,1.45
Kerala,2020-05-02,0.43,0.0,1.53
Kerala,2020-05-03,0.08,0.0,1.43
Kerala,2020-05-04,0.0,0.0,1.52
Kerala,2020-05-05,0.0,0.0,1.56
Kerala,2020-05-06,0.0,0.0,1.83
Kerala,2020-05-07,0.0,0.0,2.25
Kerala,2020-05-08,1.0,0.0,3.09
Kerala,2020-05-09,1.42,0.0,3.34
Kerala,2020-05-10,2.35,0.33,4.17
Kerala,2020-05-11,2.43,0.64,4.07
Kerala,2020-05-12,2.49,0.98,3.9
Kerala,2020-05-13,2.29,1.01,3.5
Kerala,2020-05-14,2.13,1.0,3.16
Kerala,2020-05-15,1.94,0.93,2.85
Kerala,2020-05-16,1.76,0.87,2.62
Kerala,2020-05-17,1.6,0.76,2.38
Kerala,2020-05-18,1.48,0.71,2.24
Kerala,2020-05-19,1.3900000000000001,0.67,2.13
Kerala,2020-05-20,1.48,0.79,2.16
Kerala,2020-05-21,1.54,0.89,2.17
Kerala,2020-05-22,1.59,0.99,2.18
Kerala,2020-05-23,1.6300000000000001,1.08,2.18
Kerala,2020-05-24,1.6,1.09,2.11
Kerala,2020-05-25,1.58,1.11,2.06
Kerala,2020-05-26,1.5,1.06,1.95
Kerala,2020-05-27,1.4000000000000001,0.98,1.83
Kerala,2020-05-28,1.32,0.93,1.75
Kerala,2020-05-29,1.24,0.84,1.6300000000000001
Kerala,2020-05-30,1.16,0.78,1.56
Kerala,2020-05-31,1.11,0.74,1.51
Madhya Pradesh,2020-03-18,0.0,0.59,12.0
Madhya Pradesh,2020-03-19,1.0,0.0,6.3500000000000005
Madhya Pradesh,2020-03-20,1.0,0.0,5.08
Madhya Pradesh,2020-03-21,1.0,0.0,4.44
Madhya Pradesh,2020-03-22,1.8900000000000001,0.0,4.49
Madhya Pradesh,2020-03-23,1.62,0.0,3.87
Madhya Pradesh,2020-03-24,1.8900000000000001,0.01,3.7800000000000002
Madhya Pradesh,2020-03-25,2.24,0.25,3.94
Madhya Pradesh,2020-03-26,2.15,0.42,3.75
Madhya Pradesh,2020-03-27,1.8900000000000001,0.35000000000000003,3.3200000000000003
Madhya Pradesh,2020-03-28,1.86,0.42,3.15
Madhya Pradesh,2020-03-29,1.92,0.65,3.15
Madhya Pradesh,2020-03-30,1.9100000000000001,0.75,2.99
Madhya Pradesh,2020-03-31,2.0100000000000002,1.01,3.0
Madhya Pradesh,2020-04-01,1.9100000000000001,1.0,2.77
Madhya Pradesh,2020-04-02,1.82,1.02,2.62
Madhya Pradesh,2020-04-03,1.82,1.07,2.5100000000000002
Madhya Pradesh,2020-04-04,1.73,1.08,2.4
Madhya Pradesh,2020-04-05,1.6400000000000001,1.05,2.27
Madhya Pradesh,2020-04-06,1.6400000000000001,1.07,2.19
Madhya Pradesh,2020-04-07,1.53,1.01,2.06
Madhya Pradesh,2020-04-08,1.5,1.02,2.0100000000000002
Madhya Pradesh,2020-04-09,1.44,0.97,1.9000000000000001
Madhya Pradesh,2020-04-10,1.35,0.89,1.78
Madhya Pradesh,2020-04-11,1.34,0.93,1.79
Madhya Pradesh,2020-04-12,1.42,1.02,1.83
Madhya Pradesh,2020-04-13,1.54,1.17,1.93
Madhya Pradesh,2020-04-14,1.68,1.34,2.04
Madhya Pradesh,2020-04-15,1.67,1.36,2.0
Madhya Pradesh,2020-04-16,1.57,1.28,1.8800000000000001
Madhya Pradesh,2020-04-17,1.43,1.1500000000000001,1.72
Madhya Pradesh,2020-04-18,1.24,0.97,1.52
Madhya Pradesh,2020-04-19,1.03,0.77,1.32
Madhya Pradesh,2020-04-20,0.84,0.5700000000000001,1.1300000000000001
Madhya Pradesh,2020-04-21,0.7000000000000001,0.41000000000000003,0.99
Madhya Pradesh,2020-04-22,0.62,0.33,0.9400000000000001
Madhya Pradesh,2020-04-23,0.6900000000000001,0.37,1.0
Madhya Pradesh,2020-04-24,0.8200000000000001,0.51,1.16
Madhya Pradesh,2020-04-25,1.09,0.77,1.41
Madhya Pradesh,2020-04-26,1.34,1.03,1.6400000000000001
Madhya Pradesh,2020-04-27,1.42,1.1300000000000001,1.71
Madhya Pradesh,2020-04-28,1.36,1.09,1.6500000000000001
Madhya Pradesh,2020-04-29,1.24,0.98,1.52
Madhya Pradesh,2020-04-30,1.07,0.8200000000000001,1.36
Madhya Pradesh,2020-05-01,0.96,0.7000000000000001,1.24
Madhya Pradesh,2020-05-02,0.8300000000000001,0.56,1.11
Madhya Pradesh,2020-05-03,0.74,0.46,1.03
Madhya Pradesh,2020-05-04,0.73,0.45,1.04
Madhya Pradesh,2020-05-05,0.76,0.45,1.05
Madhya Pradesh,2020-05-06,0.81,0.51,1.1300000000000001
Madhya Pradesh,2020-05-07,0.96,0.66,1.28
Madhya Pradesh,2020-05-08,1.1,0.8,1.41
Madhya Pradesh,2020-05-09,1.27,0.97,1.56
Madhya Pradesh,2020-05-10,1.36,1.09,1.6600000000000001
Madhya Pradesh,2020-05-11,1.4000000000000001,1.1300000000000001,1.67
Madhya Pradesh,2020-05-12,1.41,1.1500000000000001,1.6600000000000001
Madhya Pradesh,2020-05-13,1.3900000000000001,1.1500000000000001,1.6400000000000001
Madhya Pradesh,2020-05-14,1.34,1.12,1.59
Madhya Pradesh,2020-05-15,1.3,1.07,1.52
Madhya Pradesh,2020-05-16,1.24,1.03,1.47
Madhya Pradesh,2020-05-17,1.2,1.0,1.43
Madhya Pradesh,2020-05-18,1.16,0.96,1.3800000000000001
Madhya Pradesh,2020-05-19,1.1300000000000001,0.93,1.34
Madhya Pradesh,2020-05-20,1.1,0.91,1.32
Madhya Pradesh,2020-05-21,1.09,0.89,1.29
Madhya Pradesh,2020-05-22,1.07,0.87,1.27
Madhya Pradesh,2020-05-23,1.05,0.85,1.25
Madhya Pradesh,2020-05-24,1.01,0.8200000000000001,1.22
Madhya Pradesh,2020-05-25,0.97,0.78,1.18
Madhya Pradesh,2020-05-26,0.9400000000000001,0.74,1.1400000000000001
Madhya Pradesh,2020-05-27,0.93,0.72,1.12
Madhya Pradesh,2020-05-28,0.92,0.72,1.1300000000000001
Madhya Pradesh,2020-05-29,0.9400000000000001,0.74,1.1500000000000001
Madhya Pradesh,2020-05-30,0.97,0.76,1.17
Madhya Pradesh,2020-05-31,0.98,0.77,1.18
Maharashtra,2020-03-14,0.0,0.59,12.0
Maharashtra,2020-03-15,0.2,0.0,2.48
Maharashtra,2020-03-16,0.11,0.0,1.9000000000000001
Maharashtra,2020-03-17,0.18,0.0,1.71
Maharashtra,2020-03-18,0.2,0.0,1.59
Maharashtra,2020-03-19,0.31,0.0,1.56
Maharashtra,2020-03-20,0.61,0.0,1.67
Maharashtra,2020-03-21,0.92,0.02,1.85
Maharashtra,2020-03-22,1.24,0.21,2.25
Maharashtra,2020-03-23,1.44,0.42,2.45
Maharashtra,2020-03-24,1.52,0.52,2.44
Maharashtra,2020-03-25,1.62,0.7000000000000001,2.49
Maharashtra,2020-03-26,1.58,0.74,2.41
Maharashtra,2020-03-27,1.51,0.73,2.3000000000000003
Maharashtra,2020-03-28,1.55,0.81,2.27
Maharashtra,2020-03-29,1.58,0.89,2.25
Maharashtra,2020-03-30,1.71,1.1,2.35
Maharashtra,2020-03-31,1.77,1.2,2.33
Maharashtra,2020-04-01,1.85,1.35,2.37
Maharashtra,2020-04-02,1.8900000000000001,1.44,2.35
Maharashtra,2020-04-03,1.87,1.47,2.29
Maharashtra,2020-04-04,1.79,1.42,2.16
Maharashtra,2020-04-05,1.71,1.3800000000000001,2.06
Maharashtra,2020-04-06,1.6300000000000001,1.32,1.95
Maharashtra,2020-04-07,1.59,1.29,1.87
Maharashtra,2020-04-08,1.51,1.25,1.8
Maharashtra,2020-04-09,1.47,1.22,1.74
Maharashtra,2020-04-10,1.45,1.21,1.7
Maharashtra,2020-04-11,1.45,1.22,1.68
Maharashtra,2020-04-12,1.44,1.23,1.67
Maharashtra,2020-04-13,1.41,1.21,1.6300000000000001
Maharashtra,2020-04-14,1.33,1.1400000000000001,1.54
Maharashtra,2020-04-15,1.27,1.08,1.47
Maharashtra,2020-04-16,1.23,1.05,1.43
Maharashtra,2020-04-17,1.21,1.04,1.41
Maharashtra,2020-04-18,1.25,1.07,1.42
Maharashtra,2020-04-19,1.29,1.12,1.46
Maharashtra,2020-04-20,1.35,1.2,1.53
Maharashtra,2020-04-21,1.3900000000000001,1.23,1.54
Maharashtra,2020-04-22,1.41,1.27,1.57
Maharashtra,2020-04-23,1.3800000000000001,1.24,1.52
Maharashtra,2020-04-24,1.33,1.2,1.47
Maharashtra,2020-04-25,1.26,1.1300000000000001,1.3900000000000001
Maharashtra,2020-04-26,1.19,1.07,1.33
Maharashtra,2020-04-27,1.11,0.99,1.24
Maharashtra,2020-04-28,1.12,0.99,1.24
Maharashtra,2020-04-29,1.11,0.99,1.24
Maharashtra,2020-04-30,1.1400000000000001,1.02,1.26
Maharashtra,2020-05-01,1.21,1.09,1.33
Maharashtra,2020-05-02,1.26,1.1500000000000001,1.3800000000000001
Maharashtra,2020-05-03,1.31,1.2,1.42
Maharashtra,2020-05-04,1.36,1.25,1.46
Maharashtra,2020-05-05,1.33,1.23,1.43
Maharashtra,2020-05-06,1.3,1.21,1.41
Maharashtra,2020-05-07,1.29,1.2,1.3900000000000001
Maharashtra,2020-05-08,1.24,1.1500000000000001,1.33
Maharashtra,2020-05-09,1.21,1.12,1.3
Maharashtra,2020-05-10,1.17,1.08,1.25
Maharashtra,2020-05-11,1.1300000000000001,1.05,1.22
Maharashtra,2020-05-12,1.12,1.04,1.21
Maharashtra,2020-05-13,1.12,1.04,1.21
Maharashtra,2020-05-14,1.12,1.04,1.2
Maharashtra,2020-05-15,1.17,1.08,1.24
Maharashtra,2020-05-16,1.2,1.12,1.28
Maharashtra,2020-05-17,1.22,1.1400000000000001,1.29
Maharashtra,2020-05-18,1.24,1.16,1.31
Maharashtra,2020-05-19,1.26,1.18,1.32
Maharashtra,2020-05-20,1.27,1.19,1.33
Maharashtra,2020-05-21,1.26,1.2,1.34
Maharashtra,2020-05-22,1.25,1.18,1.31
Maharashtra,2020-05-23,1.21,1.1400000000000001,1.27
Maharashtra,2020-05-24,1.16,1.1,1.23
Maharashtra,2020-05-25,1.11,1.05,1.17
Maharashtra,2020-05-26,1.06,1.0,1.12
Maharashtra,2020-05-27,1.03,0.97,1.09
Maharashtra,2020-05-28,1.01,0.9500000000000001,1.07
Maharashtra,2020-05-29,1.0,0.9400000000000001,1.06
Maharashtra,2020-05-30,1.0,0.9400000000000001,1.06
Maharashtra,2020-05-31,1.02,0.96,1.08
Manipur,2020-05-14,0.0,0.59,12.0
Manipur,2020-05-15,1.0,0.0,6.3500000000000005
Manipur,2020-05-16,1.0,0.0,5.08
Manipur,2020-05-17,2.15,0.0,4.99
Manipur,2020-05-18,2.35,0.02,4.55
Manipur,2020-05-19,2.27,0.13,4.16
Manipur,2020-05-20,1.8900000000000001,0.09,3.52
Manipur,2020-05-21,1.69,0.09,3.16
Manipur,2020-05-22,1.59,0.11,2.99
Manipur,2020-05-23,1.35,0.03,2.64
Manipur,2020-05-24,1.16,0.0,2.41
Manipur,2020-05-25,1.16,0.0,2.38
Manipur,2020-05-26,1.1500000000000001,0.0,2.35
Manipur,2020-05-27,1.1500000000000001,0.01,2.34
Manipur,2020-05-28,1.28,0.06,2.47
Manipur,2020-05-29,1.26,0.03,2.38
Manipur,2020-05-30,1.36,0.15,2.5300000000000002
Manipur,2020-05-31,1.33,0.13,2.43
Meghalaya,2020-05-23,0.0,0.59,12.0
Meghalaya,2020-05-24,1.0,0.0,6.3500000000000005
Meghalaya,2020-05-25,1.0,0.0,5.08
Meghalaya,2020-05-26,2.15,0.0,4.99
Meghalaya,2020-05-27,1.73,0.0,4.14
Meghalaya,2020-05-28,1.53,0.0,3.66
Meghalaya,2020-05-29,1.42,0.0,3.34
Meghalaya,2020-05-30,1.35,0.0,3.12
Meghalaya,2020-05-31,1.0,0.0,2.82
Nagaland,2020-05-24,0.0,0.59,12.0
Nagaland,2020-05-25,3.77,0.0,7.44
Nagaland,2020-05-26,3.04,0.05,5.59
Nagaland,2020-05-27,3.04,0.55,5.22
Nagaland,2020-05-28,2.74,0.75,4.49
Nagaland,2020-05-29,2.15,0.51,3.62
Nagaland,2020-05-30,1.99,0.5700000000000001,3.3000000000000003
Nagaland,2020-05-31,1.77,0.5,2.94
Odisha,2020-03-31,0.0,0.59,12.0
Odisha,2020-04-01,3.77,0.0,7.44
Odisha,2020-04-02,4.39,1.1500000000000001,7.0
Odisha,2020-04-03,2.94,0.7000000000000001,4.92
Odisha,2020-04-04,2.43,0.64,4.07
Odisha,2020-04-05,1.85,0.33,3.24
Odisha,2020-04-06,1.68,0.29,2.92
Odisha,2020-04-07,1.35,0.13,2.48
Odisha,2020-04-08,1.11,0.03,2.17
Odisha,2020-04-09,0.78,0.0,1.87
Odisha,2020-04-10,0.64,0.0,1.81
Odisha,2020-04-11,0.47000000000000003,0.0,1.76
Odisha,2020-04-12,0.38,0.0,1.8
Odisha,2020-04-13,0.27,0.0,1.84
Odisha,2020-04-14,0.58,0.0,2.15
Odisha,2020-04-15,0.53,0.0,2.2
Odisha,2020-04-16,0.47000000000000003,0.0,2.27
Odisha,2020-04-17,0.38,0.0,2.34
Odisha,2020-04-18,0.65,0.0,2.62
Odisha,2020-04-19,1.67,0.01,3.35
Odisha,2020-04-20,1.83,0.11,3.44
Odisha,2020-04-21,1.8900000000000001,0.2,3.38
Odisha,2020-04-22,1.8900000000000001,0.35000000000000003,3.3200000000000003
Odisha,2020-04-23,1.73,0.34,3.06
Odisha,2020-04-24,1.5,0.21,2.7
Odisha,2020-04-25,1.34,0.16,2.49
Odisha,2020-04-26,1.21,0.09,2.29
Odisha,2020-04-27,1.2,0.09,2.25
Odisha,2020-04-28,1.19,0.12,2.25
Odisha,2020-04-29,1.27,0.19,2.33
Odisha,2020-04-30,1.25,0.2,2.29
Odisha,2020-05-01,1.31,0.27,2.33
Odisha,2020-05-02,1.22,0.22,2.2
Odisha,2020-05-03,1.1400000000000001,0.18,2.1
Odisha,2020-05-04,1.1400000000000001,0.17,2.06
Odisha,2020-05-05,1.3800000000000001,0.43,2.34
Odisha,2020-05-06,1.56,0.65,2.45
Odisha,2020-05-07,1.93,1.1300000000000001,2.74
Odisha,2020-05-08,2.02,1.33,2.75
Odisha,2020-05-09,1.97,1.33,2.58
Odisha,2020-05-10,1.92,1.37,2.49
Odisha,2020-05-11,1.82,1.32,2.33
Odisha,2020-05-12,1.6600000000000001,1.21,2.14
Odisha,2020-05-13,1.58,1.1400000000000001,2.0
Odisha,2020-05-14,1.44,1.04,1.86
Odisha,2020-05-15,1.33,0.9500000000000001,1.74
Odisha,2020-05-16,1.29,0.92,1.68
Odisha,2020-05-17,1.21,0.85,1.59
Odisha,2020-05-18,1.1500000000000001,0.78,1.5
Odisha,2020-05-19,1.1400000000000001,0.79,1.5
Odisha,2020-05-20,1.09,0.73,1.43
Odisha,2020-05-21,1.04,0.6900000000000001,1.3900000000000001
Odisha,2020-05-22,1.05,0.72,1.42
Odisha,2020-05-23,1.04,0.6900000000000001,1.3800000000000001
Odisha,2020-05-24,1.06,0.73,1.42
Odisha,2020-05-25,1.07,0.73,1.41
Odisha,2020-05-26,1.03,0.7000000000000001,1.3800000000000001
Odisha,2020-05-27,1.01,0.68,1.36
Odisha,2020-05-28,1.05,0.71,1.3800000000000001
Odisha,2020-05-29,1.05,0.72,1.3900000000000001
Odisha,2020-05-30,1.09,0.76,1.42
Odisha,2020-05-31,1.12,0.79,1.44
Punjab,2020-03-18,0.0,0.59,12.0
Punjab,2020-03-19,3.77,0.0,7.44
Punjab,2020-03-20,3.04,0.05,5.59
Punjab,2020-03-21,3.04,0.55,5.22
Punjab,2020-03-22,2.24,0.25,3.94
Punjab,2020-03-23,1.8900000000000001,0.2,3.38
Punjab,2020-03-24,1.53,0.09,2.86
Punjab,2020-03-25,1.31,0.04,2.54
Punjab,2020-03-26,1.1500000000000001,0.01,2.34
Punjab,2020-03-27,0.85,0.0,2.09
Punjab,2020-03-28,0.53,0.0,1.9100000000000001
Punjab,2020-03-29,0.47000000000000003,0.0,1.95
Punjab,2020-03-30,0.38,0.0,2.0
Punjab,2020-03-31,0.53,0.0,2.2
Punjab,2020-04-01,1.0,0.0,2.58
Punjab,2020-04-02,1.24,0.0,2.75
Punjab,2020-04-03,1.85,0.23,3.34
Punjab,2020-04-04,2.0100000000000002,0.48,3.41
Punjab,2020-04-05,1.92,0.56,3.21
Punjab,2020-04-06,1.94,0.72,3.11
Punjab,2020-04-07,1.98,0.89,3.0100000000000002
Punjab,2020-04-08,1.79,0.8,2.72
Punjab,2020-04-09,1.6600000000000001,0.76,2.5300000000000002
Punjab,2020-04-10,1.43,0.5700000000000001,2.24
Punjab,2020-04-11,1.22,0.42,2.04
Punjab,2020-04-12,1.09,0.3,1.8800000000000001
Punjab,2020-04-13,0.91,0.16,1.69
Punjab,2020-04-14,0.73,0.01,1.43
Punjab,2020-04-15,0.71,0.0,1.43
Punjab,2020-04-16,0.75,0.0,1.48
Punjab,2020-04-17,0.84,0.06,1.6500000000000001
Punjab,2020-04-18,0.9400000000000001,0.09,1.76
Punjab,2020-04-19,1.06,0.18,1.9100000000000001
Punjab,2020-04-20,1.11,0.24,1.98
Punjab,2020-04-21,1.16,0.29,2.02
Punjab,2020-04-22,1.1,0.23,1.92
Punjab,2020-04-23,1.05,0.22,1.8900000000000001
Punjab,2020-04-24,1.0,0.15,1.79
Punjab,2020-04-25,1.0,0.15,1.79
Punjab,2020-04-26,1.05,0.22,1.8800000000000001
Punjab,2020-04-27,1.46,0.64,2.2800000000000002
Punjab,2020-04-28,1.8900000000000001,1.16,2.63
Punjab,2020-04-29,2.37,1.76,3.0
Punjab,2020-04-30,2.72,2.23,3.23
Punjab,2020-05-01,2.62,2.22,3.04
Punjab,2020-05-02,2.43,2.08,2.7600000000000002
Punjab,2020-05-03,2.13,1.83,2.42
Punjab,2020-05-04,1.83,1.57,2.11
Punjab,2020-05-05,1.56,1.31,1.81
Punjab,2020-05-06,1.29,1.05,1.53
Punjab,2020-05-07,1.01,0.78,1.26
Punjab,2020-05-08,0.8,0.55,1.04
Punjab,2020-05-09,0.56,0.3,0.8200000000000001
Punjab,2020-05-10,0.38,0.1,0.65
Punjab,2020-05-11,0.22,0.0,0.49
Punjab,2020-05-12,0.09,0.0,0.46
Punjab,2020-05-13,0.03,0.0,0.49
Punjab,2020-05-14,0.02,0.0,0.53
Punjab,2020-05-15,0.0,0.0,0.58
Punjab,2020-05-16,0.02,0.0,0.65
Punjab,2020-05-17,0.01,0.0,0.71
Punjab,2020-05-18,0.17,0.0,0.86
Punjab,2020-05-19,0.4,0.0,1.07
Punjab,2020-05-20,0.64,0.01,1.32
Punjab,2020-05-21,0.92,0.14,1.6600000000000001
Punjab,2020-05-22,1.04,0.26,1.83
Punjab,2020-05-23,1.08,0.28,1.84
Punjab,2020-05-24,1.2,0.43,1.98
Punjab,2020-05-25,1.19,0.43,1.94
Punjab,2020-05-26,1.32,0.59,2.05
Punjab,2020-05-27,1.42,0.74,2.13
Punjab,2020-05-28,1.47,0.8200000000000001,2.13
Punjab,2020-05-29,1.47,0.84,2.07
Punjab,2020-05-30,1.42,0.8300000000000001,2.0
Punjab,2020-05-31,1.32,0.77,1.9000000000000001
Rajasthan,2020-03-15,0.0,0.59,12.0
Rajasthan,2020-03-16,1.0,0.0,6.3500000000000005
Rajasthan,2020-03-17,2.62,0.0,5.8
Rajasthan,2020-03-18,2.62,0.01,4.95
Rajasthan,2020-03-19,2.43,0.14,4.39
Rajasthan,2020-03-20,2.24,0.25,3.94
Rajasthan,2020-03-21,1.8900000000000001,0.2,3.38
Rajasthan,2020-03-22,1.7,0.21,3.0700000000000003
Rajasthan,2020-03-23,1.45,0.11,2.71
Rajasthan,2020-03-24,1.28,0.06,2.47
Rajasthan,2020-03-25,1.1300000000000001,0.02,2.2800000000000002
Rajasthan,2020-03-26,1.1300000000000001,0.0,2.23
Rajasthan,2020-03-27,1.12,0.0,2.21
Rajasthan,2020-03-28,1.35,0.13,2.48
Rajasthan,2020-03-29,1.62,0.41000000000000003,2.77
Rajasthan,2020-03-30,1.85,0.75,2.93
Rajasthan,2020-03-31,1.95,0.97,2.91
Rajasthan,2020-04-01,1.96,1.1,2.82
Rajasthan,2020-04-02,1.97,1.19,2.71
Rajasthan,2020-04-03,1.87,1.19,2.56
Rajasthan,2020-04-04,1.79,1.18,2.42
Rajasthan,2020-04-05,1.6600000000000001,1.09,2.23
Rajasthan,2020-04-06,1.6,1.08,2.14
Rajasthan,2020-04-07,1.55,1.07,2.06
Rajasthan,2020-04-08,1.6,1.1500000000000001,2.07
Rajasthan,2020-04-09,1.61,1.19,2.04
Rajasthan,2020-04-10,1.6300000000000001,1.25,2.04
Rajasthan,2020-04-11,1.6,1.24,1.97
Rajasthan,2020-04-12,1.51,1.16,1.84
Rajasthan,2020-04-13,1.3900000000000001,1.06,1.71
Rajasthan,2020-04-14,1.27,0.96,1.59
Rajasthan,2020-04-15,1.1500000000000001,0.85,1.47
Rajasthan,2020-04-16,1.08,0.77,1.3800000000000001
Rajasthan,2020-04-17,1.02,0.72,1.33
Rajasthan,2020-04-18,1.02,0.72,1.33
Rajasthan,2020-04-19,1.08,0.78,1.3800000000000001
Rajasthan,2020-04-20,1.1400000000000001,0.85,1.44
Rajasthan,2020-04-21,1.17,0.88,1.46
Rajasthan,2020-04-22,1.1300000000000001,0.85,1.42
Rajasthan,2020-04-23,1.05,0.78,1.35
Rajasthan,2020-04-24,0.97,0.6900000000000001,1.26
Rajasthan,2020-04-25,0.87,0.59,1.17
Rajasthan,2020-04-26,0.79,0.48,1.07
Rajasthan,2020-04-27,0.78,0.48,1.09
Rajasthan,2020-04-28,0.8200000000000001,0.5,1.12
Rajasthan,2020-04-29,0.92,0.61,1.24
Rajasthan,2020-04-30,1.01,0.7000000000000001,1.33
Rajasthan,2020-05-01,1.1300000000000001,0.8300000000000001,1.45
Rajasthan,2020-05-02,1.2,0.91,1.52
Rajasthan,2020-05-03,1.25,0.97,1.56
Rajasthan,2020-05-04,1.21,0.93,1.5
Rajasthan,2020-05-05,1.2,0.93,1.49
Rajasthan,2020-05-06,1.17,0.91,1.46
Rajasthan,2020-05-07,1.1400000000000001,0.88,1.42
Rajasthan,2020-05-08,1.1,0.84,1.37
Rajasthan,2020-05-09,1.09,0.8300000000000001,1.35
Rajasthan,2020-05-10,1.08,0.8300000000000001,1.35
Rajasthan,2020-05-11,1.11,0.86,1.37
Rajasthan,2020-05-12,1.1400000000000001,0.89,1.3900000000000001
Rajasthan,2020-05-13,1.19,0.9500000000000001,1.44
Rajasthan,2020-05-14,1.25,1.02,1.5
Rajasthan,2020-05-15,1.29,1.07,1.53
Rajasthan,2020-05-16,1.33,1.12,1.56
Rajasthan,2020-05-17,1.32,1.11,1.53
Rajasthan,2020-05-18,1.29,1.09,1.5
Rajasthan,2020-05-19,1.23,1.04,1.44
Rajasthan,2020-05-20,1.17,0.98,1.37
Rajasthan,2020-05-21,1.11,0.92,1.3
Rajasthan,2020-05-22,1.08,0.89,1.27
Rajasthan,2020-05-23,1.03,0.85,1.23
Rajasthan,2020-05-24,1.02,0.84,1.22
Rajasthan,2020-05-25,1.02,0.8300000000000001,1.21
Rajasthan,2020-05-26,1.02,0.84,1.22
Rajasthan,2020-05-27,1.03,0.84,1.21
Rajasthan,2020-05-28,1.04,0.85,1.22
Rajasthan,2020-05-29,1.03,0.84,1.21
Rajasthan,2020-05-30,1.01,0.8300000000000001,1.2
Rajasthan,2020-05-31,0.97,0.79,1.16
State Unassigned,2020-05-19,0.0,0.59,12.0
State Unassigned,2020-05-20,0.9400000000000001,0.47000000000000003,1.42
State Unassigned,2020-05-21,1.06,0.73,1.4000000000000001
State Unassigned,2020-05-22,1.08,0.81,1.35
State Unassigned,2020-05-23,1.1,0.87,1.33
State Unassigned,2020-05-24,1.25,1.06,1.47
State Unassigned,2020-05-25,1.31,1.1300000000000001,1.49
State Unassigned,2020-05-26,1.33,1.17,1.49
State Unassigned,2020-05-27,1.34,1.19,1.5
State Unassigned,2020-05-28,1.28,1.1300000000000001,1.43
State Unassigned,2020-05-29,1.22,1.08,1.37
State Unassigned,2020-05-30,1.16,1.03,1.32
State Unassigned,2020-05-31,1.02,0.87,1.1500000000000001
Tamil Nadu,2020-03-18,0.0,0.59,12.0
Tamil Nadu,2020-03-19,1.0,0.0,6.3500000000000005
Tamil Nadu,2020-03-20,1.0,0.0,5.08
Tamil Nadu,2020-03-21,2.15,0.0,4.99
Tamil Nadu,2020-03-22,2.35,0.02,4.55
Tamil Nadu,2020-03-23,2.27,0.13,4.16
Tamil Nadu,2020-03-24,2.15,0.28,3.85
Tamil Nadu,2020-03-25,2.0300000000000002,0.39,3.56
Tamil Nadu,2020-03-26,1.82,0.34,3.2
Tamil Nadu,2020-03-27,1.8,0.43,3.08
Tamil Nadu,2020-03-28,1.96,0.74,3.16
Tamil Nadu,2020-03-29,2.49,1.47,3.49
Tamil Nadu,2020-03-30,2.73,1.92,3.5500000000000003
Tamil Nadu,2020-03-31,2.71,2.04,3.35
Tamil Nadu,2020-04-01,2.47,1.92,3.0100000000000002
Tamil Nadu,2020-04-02,2.23,1.77,2.71
Tamil Nadu,2020-04-03,1.96,1.55,2.38
Tamil Nadu,2020-04-04,1.71,1.33,2.09
Tamil Nadu,2020-04-05,1.45,1.09,1.81
Tamil Nadu,2020-04-06,1.27,0.93,1.6300000000000001
Tamil Nadu,2020-04-07,1.1,0.76,1.45
Tamil Nadu,2020-04-08,0.99,0.66,1.35
Tamil Nadu,2020-04-09,0.93,0.58,1.27
Tamil Nadu,2020-04-10,0.9500000000000001,0.61,1.31
Tamil Nadu,2020-04-11,0.98,0.63,1.33
Tamil Nadu,2020-04-12,1.02,0.68,1.3800000000000001
Tamil Nadu,2020-04-13,0.98,0.63,1.33
Tamil Nadu,2020-04-14,0.92,0.58,1.29
Tamil Nadu,2020-04-15,0.84,0.49,1.21
Tamil Nadu,2020-04-16,0.79,0.43,1.17
Tamil Nadu,2020-04-17,0.75,0.36,1.12
Tamil Nadu,2020-04-18,0.81,0.42,1.2
Tamil Nadu,2020-04-19,0.86,0.47000000000000003,1.27
Tamil Nadu,2020-04-20,0.9500000000000001,0.55,1.35
Tamil Nadu,2020-04-21,1.02,0.63,1.43
Tamil Nadu,2020-04-22,1.09,0.7000000000000001,1.49
Tamil Nadu,2020-04-23,1.1,0.71,1.49
Tamil Nadu,2020-04-24,1.1,0.71,1.48
Tamil Nadu,2020-04-25,1.07,0.7000000000000001,1.47
Tamil Nadu,2020-04-26,1.1,0.74,1.5
Tamil Nadu,2020-04-27,1.21,0.85,1.59
Tamil Nadu,2020-04-28,1.37,1.01,1.71
Tamil Nadu,2020-04-29,1.53,1.21,1.87
Tamil Nadu,2020-04-30,1.67,1.37,1.98
Tamil Nadu,2020-05-01,1.81,1.55,2.1
Tamil Nadu,2020-05-02,1.8900000000000001,1.6500000000000001,2.14
Tamil Nadu,2020-05-03,1.98,1.77,2.21
Tamil Nadu,2020-05-04,1.97,1.78,2.17
Tamil Nadu,2020-05-05,1.8900000000000001,1.73,2.08
Tamil Nadu,2020-05-06,1.77,1.62,1.94
Tamil Nadu,2020-05-07,1.6400000000000001,1.5,1.79
Tamil Nadu,2020-05-08,1.51,1.37,1.6400000000000001
Tamil Nadu,2020-05-09,1.41,1.28,1.54
Tamil Nadu,2020-05-10,1.29,1.17,1.42
Tamil Nadu,2020-05-11,1.19,1.07,1.32
Tamil Nadu,2020-05-12,1.08,0.96,1.2
Tamil Nadu,2020-05-13,1.0,0.88,1.12
Tamil Nadu,2020-05-14,0.93,0.81,1.05
Tamil Nadu,2020-05-15,0.89,0.77,1.02
Tamil Nadu,2020-05-16,0.88,0.76,1.01
Tamil Nadu,2020-05-17,0.92,0.79,1.04
Tamil Nadu,2020-05-18,0.97,0.85,1.11
Tamil Nadu,2020-05-19,1.05,0.92,1.17
Tamil Nadu,2020-05-20,1.1400000000000001,1.01,1.26
Tamil Nadu,2020-05-21,1.2,1.07,1.31
Tamil Nadu,2020-05-22,1.23,1.12,1.36
Tamil Nadu,2020-05-23,1.21,1.09,1.32
Tamil Nadu,2020-05-24,1.16,1.05,1.28
Tamil Nadu,2020-05-25,1.12,1.0,1.22
Tamil Nadu,2020-05-26,1.08,0.97,1.19
Tamil Nadu,2020-05-27,1.06,0.96,1.18
Tamil Nadu,2020-05-28,1.08,0.97,1.19
Tamil Nadu,2020-05-29,1.09,0.98,1.19
Tamil Nadu,2020-05-30,1.1300000000000001,1.02,1.23
Tamil Nadu,2020-05-31,1.1500000000000001,1.05,1.26
Telangana,2020-03-14,0.0,0.59,12.0
Telangana,2020-03-15,3.77,0.0,7.44
Telangana,2020-03-16,3.04,0.05,5.59
Telangana,2020-03-17,2.15,0.0,4.21
Telangana,2020-03-18,1.8,0.01,3.61
Telangana,2020-03-19,1.8900000000000001,0.09,3.52
Telangana,2020-03-20,1.69,0.09,3.16
Telangana,2020-03-21,1.56,0.08,2.9
Telangana,2020-03-22,1.33,0.03,2.6
Telangana,2020-03-23,1.16,0.0,2.38
Telangana,2020-03-24,1.3,0.05,2.52
Telangana,2020-03-25,1.41,0.14,2.64
Telangana,2020-03-26,1.25,0.07,2.4
Telangana,2020-03-27,1.35,0.13,2.48
Telangana,2020-03-28,1.42,0.22,2.54
Telangana,2020-03-29,1.56,0.41000000000000003,2.67
Telangana,2020-03-30,1.79,0.72,2.82
Telangana,2020-03-31,2.0100000000000002,1.07,2.93
Telangana,2020-04-01,2.11,1.3,2.92
Telangana,2020-04-02,2.19,1.49,2.88
Telangana,2020-04-03,2.04,1.42,2.64
Telangana,2020-04-04,1.86,1.32,2.42
Telangana,2020-04-05,1.68,1.18,2.19
Telangana,2020-04-06,1.48,1.01,1.96
Telangana,2020-04-07,1.24,0.78,1.7
Telangana,2020-04-08,1.05,0.61,1.53
Telangana,2020-04-09,0.85,0.38,1.31
Telangana,2020-04-10,0.74,0.27,1.23
Telangana,2020-04-11,0.7000000000000001,0.22,1.21
Telangana,2020-04-12,0.72,0.21,1.23
Telangana,2020-04-13,0.84,0.31,1.36
Telangana,2020-04-14,1.04,0.51,1.56
Telangana,2020-04-15,1.16,0.64,1.67
Telangana,2020-04-16,1.28,0.79,1.79
Telangana,2020-04-17,1.26,0.79,1.76
Telangana,2020-04-18,1.22,0.76,1.7
Telangana,2020-04-19,1.1500000000000001,0.6900000000000001,1.61
Telangana,2020-04-20,1.01,0.56,1.48
Telangana,2020-04-21,0.89,0.42,1.35
Telangana,2020-04-22,0.78,0.3,1.25
Telangana,2020-04-23,0.63,0.14,1.11
Telangana,2020-04-24,0.54,0.07,1.04
Telangana,2020-04-25,0.35000000000000003,0.0,0.85
Telangana,2020-04-26,0.22,0.0,0.8200000000000001
Telangana,2020-04-27,0.17,0.0,0.85
Telangana,2020-04-28,0.15,0.0,0.91
Telangana,2020-04-29,0.26,0.0,1.05
Telangana,2020-04-30,0.55,0.0,1.32
Telangana,2020-05-01,0.78,0.0,1.54
Telangana,2020-05-02,1.11,0.23,1.99
Telangana,2020-05-03,1.21,0.32,2.07
Telangana,2020-05-04,1.2,0.33,2.04
Telangana,2020-05-05,1.19,0.36,2.04
Telangana,2020-05-06,1.1400000000000001,0.31,1.95
Telangana,2020-05-07,1.1300000000000001,0.33,1.95
Telangana,2020-05-08,1.42,0.64,2.21
Telangana,2020-05-09,1.69,0.97,2.41
Telangana,2020-05-10,1.81,1.16,2.46
Telangana,2020-05-11,1.85,1.28,2.45
Telangana,2020-05-12,1.74,1.22,2.29
Telangana,2020-05-13,1.61,1.12,2.11
Telangana,2020-05-14,1.49,1.03,1.96
Telangana,2020-05-15,1.29,0.86,1.76
Telangana,2020-05-16,1.16,0.73,1.61
Telangana,2020-05-17,1.04,0.6,1.47
Telangana,2020-05-18,0.93,0.49,1.37
Telangana,2020-05-19,0.9,0.45,1.34
Telangana,2020-05-20,0.9,0.44,1.34
Telangana,2020-05-21,0.93,0.48,1.3900000000000001
Telangana,2020-05-22,1.03,0.58,1.49
Telangana,2020-05-23,1.08,0.63,1.53
Telangana,2020-05-24,1.2,0.77,1.6500000000000001
Telangana,2020-05-25,1.37,0.96,1.8
Telangana,2020-05-26,1.52,1.1400000000000001,1.93
Telangana,2020-05-27,1.6,1.24,1.97
Telangana,2020-05-28,1.6400000000000001,1.3,1.97
Telangana,2020-05-29,1.59,1.29,1.92
Telangana,2020-05-30,1.54,1.26,1.85
Telangana,2020-05-31,1.47,1.19,1.74
Tripura,2020-04-30,0.0,0.59,12.0
Tripura,2020-05-01,5.39,0.68,8.9
Tripura,2020-05-02,3.77,0.86,6.23
Tripura,2020-05-03,3.54,1.53,5.37
Tripura,2020-05-04,2.91,1.3800000000000001,4.3100000000000005
Tripura,2020-05-05,2.62,1.41,3.7600000000000002
Tripura,2020-05-06,2.32,1.32,3.29
Tripura,2020-05-07,2.07,1.21,2.92
Tripura,2020-05-08,1.73,0.9500000000000001,2.5100000000000002
Tripura,2020-05-09,1.44,0.72,2.2
Tripura,2020-05-10,1.1400000000000001,0.41000000000000003,1.85
Tripura,2020-05-11,0.86,0.17,1.57
Tripura,2020-05-12,0.56,0.0,1.21
Tripura,2020-05-13,0.32,0.0,1.08
Tripura,2020-05-14,0.0,0.0,0.98
Tripura,2020-05-15,0.0,0.0,1.0
Tripura,2020-05-16,0.0,0.0,1.12
Tripura,2020-05-17,0.0,0.0,1.31
Tripura,2020-05-18,0.0,0.0,1.6400000000000001
Tripura,2020-05-19,0.56,0.0,2.18
Tripura,2020-05-20,1.0,0.0,2.54
Tripura,2020-05-21,1.44,0.01,2.86
Tripura,2020-05-22,1.59,0.11,2.99
Tripura,2020-05-23,1.51,0.12,2.85
Tripura,2020-05-24,1.73,0.34,3.06
Tripura,2020-05-25,1.95,0.65,3.18
Tripura,2020-05-26,1.93,0.79,3.06
Tripura,2020-05-27,1.76,0.7000000000000001,2.7600000000000002
Tripura,2020-05-28,1.75,0.8,2.68
Tripura,2020-05-29,1.68,0.81,2.54
Tripura,2020-05-30,1.6600000000000001,0.86,2.45
Tripura,2020-05-31,1.6,0.87,2.35
Uttar Pradesh,2020-03-14,0.0,0.59,12.0
Uttar Pradesh,2020-03-15,1.0,0.0,6.3500000000000005
Uttar Pradesh,2020-03-16,1.0,0.0,5.08
Uttar Pradesh,2020-03-17,2.15,0.0,4.99
Uttar Pradesh,2020-03-18,1.73,0.0,4.14
Uttar Pradesh,2020-03-19,2.0100000000000002,0.02,3.99
Uttar Pradesh,2020-03-20,1.73,0.01,3.47
Uttar Pradesh,2020-03-21,1.57,0.01,3.15
Uttar Pradesh,2020-03-22,1.5,0.01,2.99
Uttar Pradesh,2020-03-23,1.44,0.01,2.86
Uttar Pradesh,2020-03-24,1.21,0.01,2.61
Uttar Pradesh,2020-03-25,1.3800000000000001,0.01,2.7
Uttar Pradesh,2020-03-26,1.51,0.12,2.85
Uttar Pradesh,2020-03-27,1.86,0.42,3.15
Uttar Pradesh,2020-03-28,1.92,0.65,3.15
Uttar Pradesh,2020-03-29,1.83,0.68,2.94
Uttar Pradesh,2020-03-30,1.76,0.7000000000000001,2.7600000000000002
Uttar Pradesh,2020-03-31,1.75,0.8,2.68
Uttar Pradesh,2020-04-01,1.82,0.97,2.67
Uttar Pradesh,2020-04-02,1.87,1.1,2.62
Uttar Pradesh,2020-04-03,1.81,1.1300000000000001,2.5100000000000002
Uttar Pradesh,2020-04-04,1.75,1.11,2.36
Uttar Pradesh,2020-04-05,1.61,1.03,2.19
Uttar Pradesh,2020-04-06,1.51,0.97,2.06
Uttar Pradesh,2020-04-07,1.37,0.84,1.8800000000000001
Uttar Pradesh,2020-04-08,1.2,0.71,1.73
Uttar Pradesh,2020-04-09,1.07,0.5700000000000001,1.58
Uttar Pradesh,2020-04-10,1.0,0.51,1.52
Uttar Pradesh,2020-04-11,1.03,0.53,1.53
Uttar Pradesh,2020-04-12,1.19,0.71,1.69
Uttar Pradesh,2020-04-13,1.33,0.86,1.8
Uttar Pradesh,2020-04-14,1.44,1.0,1.8900000000000001
Uttar Pradesh,2020-04-15,1.52,1.1,1.93
Uttar Pradesh,2020-04-16,1.53,1.1500000000000001,1.93
Uttar Pradesh,2020-04-17,1.49,1.11,1.84
Uttar Pradesh,2020-04-18,1.46,1.11,1.8
Uttar Pradesh,2020-04-19,1.41,1.09,1.75
Uttar Pradesh,2020-04-20,1.33,1.02,1.6500000000000001
Uttar Pradesh,2020-04-21,1.27,0.96,1.57
Uttar Pradesh,2020-04-22,1.2,0.92,1.52
Uttar Pradesh,2020-04-23,1.16,0.88,1.47
Uttar Pradesh,2020-04-24,1.1400000000000001,0.86,1.44
Uttar Pradesh,2020-04-25,1.07,0.79,1.36
Uttar Pradesh,2020-04-26,0.99,0.71,1.28
Uttar Pradesh,2020-04-27,0.9400000000000001,0.65,1.22
Uttar Pradesh,2020-04-28,0.9,0.61,1.19
Uttar Pradesh,2020-04-29,0.9,0.61,1.2
Uttar Pradesh,2020-04-30,0.96,0.67,1.26
Uttar Pradesh,2020-05-01,1.02,0.72,1.31
Uttar Pradesh,2020-05-02,1.09,0.8,1.3800000000000001
Uttar Pradesh,2020-05-03,1.1400000000000001,0.85,1.42
Uttar Pradesh,2020-05-04,1.1500000000000001,0.87,1.43
Uttar Pradesh,2020-05-05,1.1500000000000001,0.87,1.42
Uttar Pradesh,2020-05-06,1.1300000000000001,0.85,1.3900000000000001
Uttar Pradesh,2020-05-07,1.06,0.8,1.34
Uttar Pradesh,2020-05-08,1.01,0.75,1.29
Uttar Pradesh,2020-05-09,0.96,0.6900000000000001,1.23
Uttar Pradesh,2020-05-10,0.91,0.64,1.19
Uttar Pradesh,2020-05-11,0.92,0.64,1.19
Uttar Pradesh,2020-05-12,0.9500000000000001,0.68,1.24
Uttar Pradesh,2020-05-13,1.01,0.74,1.3
Uttar Pradesh,2020-05-14,1.11,0.84,1.3900000000000001
Uttar Pradesh,2020-05-15,1.17,0.91,1.45
Uttar Pradesh,2020-05-16,1.27,1.02,1.54
Uttar Pradesh,2020-05-17,1.36,1.12,1.62
Uttar Pradesh,2020-05-18,1.43,1.19,1.6600000000000001
Uttar Pradesh,2020-05-19,1.45,1.23,1.68
Uttar Pradesh,2020-05-20,1.42,1.21,1.6300000000000001
Uttar Pradesh,2020-05-21,1.35,1.16,1.57
Uttar Pradesh,2020-05-22,1.29,1.1,1.49
Uttar Pradesh,2020-05-23,1.19,1.0,1.3800000000000001
Uttar Pradesh,2020-05-24,1.12,0.9400000000000001,1.32
Uttar Pradesh,2020-05-25,1.04,0.86,1.24
Uttar Pradesh,2020-05-26,0.99,0.81,1.19
Uttar Pradesh,2020-05-27,0.9500000000000001,0.76,1.1400000000000001
Uttar Pradesh,2020-05-28,0.9500000000000001,0.77,1.1500000000000001
Uttar Pradesh,2020-05-29,0.98,0.79,1.17
Uttar Pradesh,2020-05-30,1.04,0.86,1.24
Uttar Pradesh,2020-05-31,1.09,0.9,1.27
Uttarakhand,2020-04-14,0.0,0.59,12.0
Uttarakhand,2020-04-15,1.0,0.0,6.3500000000000005
Uttarakhand,2020-04-16,1.0,0.0,5.08
Uttarakhand,2020-04-17,2.15,0.0,4.99
Uttarakhand,2020-04-18,1.73,0.0,4.14
Uttarakhand,2020-04-19,1.53,0.0,3.66
Uttarakhand,2020-04-20,1.0,0.0,3.09
Uttarakhand,2020-04-21,1.0,0.0,2.99
Uttarakhand,2020-04-22,1.0,0.0,2.99
Uttarakhand,2020-04-23,1.0,0.0,2.99
Uttarakhand,2020-04-24,0.58,0.0,2.7600000000000002
Uttarakhand,2020-04-25,0.53,0.0,2.84
Uttarakhand,2020-04-26,0.47000000000000003,0.0,2.94
Uttarakhand,2020-04-27,1.0,0.0,3.35
Uttarakhand,2020-04-28,1.0,0.0,3.35
Uttarakhand,2020-04-29,1.53,0.0,3.66
Uttarakhand,2020-04-30,1.0,0.0,3.21
Uttarakhand,2020-05-01,1.0,0.0,3.21
Uttarakhand,2020-05-02,1.0,0.0,3.21
Uttarakhand,2020-05-03,1.0,0.0,3.21
Uttarakhand,2020-05-04,1.0,0.0,3.21
Uttarakhand,2020-05-05,1.0,0.0,3.21
Uttarakhand,2020-05-06,0.47000000000000003,0.0,2.94
Uttarakhand,2020-05-07,1.0,0.0,3.35
Uttarakhand,2020-05-08,1.0,0.0,3.35
Uttarakhand,2020-05-09,1.53,0.0,3.66
Uttarakhand,2020-05-10,1.47,0.0,3.49
Uttarakhand,2020-05-11,1.42,0.0,3.34
Uttarakhand,2020-05-12,1.3800000000000001,0.0,3.22
Uttarakhand,2020-05-13,1.67,0.01,3.35
Uttarakhand,2020-05-14,1.83,0.11,3.44
Uttarakhand,2020-05-15,1.8900000000000001,0.2,3.38
Uttarakhand,2020-05-16,1.56,0.08,2.9
Uttarakhand,2020-05-17,1.6400000000000001,0.21,2.97
Uttarakhand,2020-05-18,1.92,0.56,3.21
Uttarakhand,2020-05-19,1.94,0.72,3.11
Uttarakhand,2020-05-20,2.2,1.1400000000000001,3.21
Uttarakhand,2020-05-21,2.39,1.51,3.25
Uttarakhand,2020-05-22,2.35,1.62,3.09
Uttarakhand,2020-05-23,2.25,1.62,2.88
Uttarakhand,2020-05-24,2.05,1.49,2.59
Uttarakhand,2020-05-25,1.8,1.3,2.3000000000000003
Uttarakhand,2020-05-26,1.79,1.34,2.25
Uttarakhand,2020-05-27,1.6300000000000001,1.22,2.06
Uttarakhand,2020-05-28,1.6,1.22,2.0
Uttarakhand,2020-05-29,1.55,1.2,1.93
Uttarakhand,2020-05-30,1.49,1.1500000000000001,1.83
Uttarakhand,2020-05-31,1.45,1.1400000000000001,1.79
West Bengal,2020-03-19,0.0,0.59,12.0
West Bengal,2020-03-20,1.0,0.0,6.3500000000000005
West Bengal,2020-03-21,1.0,0.0,5.08
West Bengal,2020-03-22,1.0,0.0,4.44
West Bengal,2020-03-23,1.0,0.0,4.03
West Bengal,2020-03-24,1.0,0.0,3.74
West Bengal,2020-03-25,1.62,0.0,3.87
West Bengal,2020-03-26,1.47,0.0,3.49
West Bengal,2020-03-27,1.42,0.0,3.34
West Bengal,2020-03-28,1.73,0.01,3.47
West Bengal,2020-03-29,1.8900000000000001,0.09,3.52
West Bengal,2020-03-30,2.15,0.42,3.75
West Bengal,2020-03-31,1.8900000000000001,0.35000000000000003,3.3200000000000003
West Bengal,2020-04-01,1.59,0.19,2.86
West Bengal,2020-04-02,1.6400000000000001,0.32,2.88
West Bengal,2020-04-03,1.6500000000000001,0.39,2.8000000000000003
West Bengal,2020-04-04,1.47,0.32,2.57
West Bengal,2020-04-05,1.42,0.34,2.49
West Bengal,2020-04-06,1.23,0.19,2.21
West Bengal,2020-04-07,1.22,0.22,2.2
West Bengal,2020-04-08,1.21,0.23,2.17
West Bengal,2020-04-09,1.07,0.13,1.98
West Bengal,2020-04-10,1.1300000000000001,0.19,2.06
West Bengal,2020-04-11,1.25,0.31,2.19
West Bengal,2020-04-12,1.4000000000000001,0.49,2.32
West Bengal,2020-04-13,1.51,0.65,2.38
West Bengal,2020-04-14,1.58,0.78,2.39
West Bengal,2020-04-15,1.58,0.84,2.34
West Bengal,2020-04-16,1.57,0.86,2.25
West Bengal,2020-04-17,1.44,0.79,2.11
West Bengal,2020-04-18,1.4000000000000001,0.76,2.0100000000000002
West Bengal,2020-04-19,1.34,0.74,1.94
West Bengal,2020-04-20,1.31,0.75,1.9100000000000001
West Bengal,2020-04-21,1.31,0.75,1.86
West Bengal,2020-04-22,1.31,0.78,1.85
West Bengal,2020-04-23,1.32,0.81,1.84
West Bengal,2020-04-24,1.33,0.84,1.83
West Bengal,2020-04-25,1.29,0.81,1.76
West Bengal,2020-04-26,1.21,0.76,1.69
West Bengal,2020-04-27,1.1400000000000001,0.68,1.59
West Bengal,2020-04-28,1.03,0.58,1.49
West Bengal,2020-04-29,0.92,0.47000000000000003,1.3900000000000001
West Bengal,2020-04-30,0.92,0.46,1.3900000000000001
West Bengal,2020-05-01,1.23,0.78,1.68
West Bengal,2020-05-02,1.51,1.1,1.95
West Bengal,2020-05-03,1.76,1.3800000000000001,2.15
West Bengal,2020-05-04,1.81,1.47,2.17
West Bengal,2020-05-05,1.73,1.42,2.06
West Bengal,2020-05-06,1.61,1.32,1.9100000000000001
West Bengal,2020-05-07,1.47,1.2,1.76
West Bengal,2020-05-08,1.26,1.0,1.54
West Bengal,2020-05-09,1.1500000000000001,0.89,1.42
West Bengal,2020-05-10,1.02,0.77,1.3
West Bengal,2020-05-11,0.93,0.67,1.2
West Bengal,2020-05-12,0.88,0.61,1.1500000000000001
West Bengal,2020-05-13,0.87,0.61,1.16
West Bengal,2020-05-14,0.88,0.61,1.17
West Bengal,2020-05-15,0.9400000000000001,0.66,1.22
West Bengal,2020-05-16,0.9400000000000001,0.67,1.24
West Bengal,2020-05-17,0.97,0.6900000000000001,1.26
West Bengal,2020-05-18,1.01,0.73,1.3
West Bengal,2020-05-19,1.07,0.79,1.35
West Bengal,2020-05-20,1.09,0.8300000000000001,1.3900000000000001
West Bengal,2020-05-21,1.1500000000000001,0.89,1.44
West Bengal,2020-05-22,1.16,0.9,1.44
West Bengal,2020-05-23,1.17,0.91,1.43
West Bengal,2020-05-24,1.18,0.93,1.44
West Bengal,2020-05-25,1.24,1.0,1.5
West Bengal,2020-05-26,1.3,1.06,1.54
West Bengal,2020-05-27,1.37,1.1500000000000001,1.61
West Bengal,2020-05-28,1.42,1.2,1.6300000000000001
West Bengal,2020-05-29,1.44,1.24,1.6500000000000001
West Bengal,2020-05-30,1.42,1.23,1.62
West Bengal,2020-05-31,1.3900000000000001,1.21,1.58
